OSU 80 -Ton Compressor Load Stand,,,,,,,,,,,,,,,,,,,,,,,,,,,,,,,,,,,,,,,,,,,,,,,,,,,,,,,,,,,,,,,,,,,,,,,,,,,,,,,,,,,,,,,
40TonSpool,,,,,,,,,,,,,,,,,,,,,,,,,,,,,,,,,,,,,,,,,,,,,,,,,,,,,,,,,,,,,,,,,,,,,,,,,,,,,,,,,,,,,,,
S Yarborough,,,,,,,,,,,,,,,,,,,,,,,,,,,,,,,,,,,,,,,,,,,,,,,,,,,,,,,,,,,,,,,,,,,,,,,,,,,,,,,,,,,,,,,
Measured on:,,,,,,,,,,,,,,,,,,,,,,,,,,,,,,,,,,,,,,,,,,,,,,,,,,,,,,,,,,,,,,,,,,,,,,,,,,,,,,,,,,,,,,,
Thursday, August 27,2020,,,,,,,,,,,,,,,,,,,,,,,,,,,,,,,,,,,,,,,,,,,,,,,,,,,,,,,,,,,,,,,,,,,,,,,,,,,,,,,,,,,,,
9:53:20 PM,,,,,,,,,,,,,,,,,,,,,,,,,,,,,,,,,,,,,,,,,,,,,,,,,,,,,,,,,,,,,,,,,,,,,,,,,,,,,,,,,,,,,,,
Test Comments:,,,,,,,,,,,,,,,,,,,,,,,,,,,,,,,,,,,,,,,,,,,,,,,,,,,,,,,,,,,,,,,,,,,,,,,,,,,,,,,,,,,,,,,
,,,,,,,,,,,,,,,,,,,,,,,,,,,,,,,,,,,,,,,,,,,,,,,,,,,,,,,,,,,,,,,,,,,,,,,,,,,,,,,,,,,,,,,
Measurements:,,,,,,,,,,,,,,,,,,,,,,,,,,,,,,,,,,,,,,,,,,,,,,,,,,,,,,,,,,,,,,,,,,,,,,,,,,,,,,,,,,,,,,,
Psuc,Tsuc,Pdis,Tdis,Msuc,Mdis,Speed,Pamb,Poil,Moil,Tsuc2,Psuc2,Tdis2,Pdis2,T04,P04,T05,P05,M03,M04,Tecon,Pecon,Poil2,Moil2,Power,P_reactive,Shaft Power,Torque,eta_is,Q_dot,eta_vol,DT_sup,DT_sub,Pressure Ratio,x_acc,y_acc,Toil,Tbox,Tm4,Tm5,Tm6,Tm7,Tm8,Tm9,Tamb,Twi,Twe,Bypass Position,Water Pump Speed,LG,MG,SG,LL,ML,SL,Encoder Speed,VFD Power,eta_is_2,VFD_out,Kc_LG,Ti_LG,Td_LG,Kc_MG,Ti_MG,Td_MG,Kc_SG,Ti_SG,Td_SG,Kc_LL,Ti_LL,Td_LL,Kc_ML,Ti_ML,Td_ML,Kc_SL,Ti_SL,Td_SL,Kc_WVB,Ti_WVB,Td_WVB,Kc_WVI,Ti_WVI,Td_WVI,,,,,
psia,F,psia,F,lbm/min,lbm/min,Hz,psia,psia,lbm/min,F,psia,F,psia,F,psia,F,F,lb/min,lb/min,F,psia,psia,lbm/min,kW,kVAR,kW,in-lb,,Btu/h,,F,F,,g,g,F,F,F,F,F,F,F,F,F,F,F,,Hz,,,,,,,RPM,kW,,Hz,,min,min,,min,min,,min,min,,min,min,,min,min,,min,min,,min,min,,min,min,Purpose of Test, Test Request Number, Build Number, Steady (1 yes 0 no),Raw Data File
49.70778,60.025283,173.232289,154.246198,117.309996,112.91003,54.4902,14.159905,172.4928,7.483267,60.112689,49.734497,151.925014,173.829406,150.394021,171.79218,110.986396,170.027854,-0.07222,-1.793447,32.02574,-235.890039,157.962801,5.243921,5.210199,-11.454614,32.742028,1692.708713,4.516566,446506.3206,1.663361,20.062056,2.749108,3.485056,0.08094,0.061241,110.530977,90.268895,32,32,32,32,-12932.18615,32,69.144324,76.409028,97.947299,89.90277,37.736018,28.860759,67.783282,60.253165,20.253165,34.699382,26.518987,1667.999268,33.928039,0.693568,218.925997,0.377,0.879,0,0.377,0.879,0,0.101203,0.879,0,-0.153,0.4,0,-0.755798,0.3734,0,-1.130389,0.3481,0,0.1,0.8,0,-0.011529,0.06251,0,First Test,40TonSpool,1,1,21.53.19-Thu.08.27.2020.csv
NaN,NaN,NaN,NaN,NaN,NaN,NaN,NaN,NaN,NaN,NaN,NaN,NaN,NaN,NaN,NaN,NaN,NaN,NaN,NaN,NaN,NaN,NaN,NaN,NaN,NaN,NaN,NaN,NaN,NaN,NaN,NaN,NaN,NaN,NaN,NaN,NaN,NaN,NaN,NaN,NaN,NaN,NaN,NaN,NaN,NaN,NaN,NaN,NaN,NaN,NaN,NaN,NaN,NaN,NaN,NaN,NaN,NaN,NaN,NaN,NaN,NaN,NaN,NaN,NaN,NaN,NaN,NaN,NaN,NaN,NaN,NaN,NaN,NaN,NaN,NaN,NaN,NaN,NaN,NaN,NaN,NaN,NaN,First Test,1,40TonSpool,1,21.53.37-Thu.08.27.2020.csv
49.744763,60.246947,161.236255,147.554315,101.876168,115.057345,54.542988,14.109786,160.168371,12.868424,60.361208,50.017521,145.540979,161.317241,143.994738,159.44872,105.88006,157.712555,-0.066815,0.030154,32.02574,-235.9402,154.596811,4.403688,5.222973,12.189687,30.130835,1556.611724,1.079817,466259.2498,0.980256,20.245525,2.677454,3.241297,0.076036,0.055062,110.663996,89.030179,32,32,32,32,424.817086,32,69.097092,74.349945,95.087583,37.491926,31.495796,29.253165,59.98674,81.538091,0,51.759494,48.741119,1670.261131,32.243772,0.700514,75.432364,0.377,0.879,0,0.377,0.809,0,0.091012,0.6509,0,-0.153,0.4,0,-0.85,0.9,0,-0.09,0.484848,0,0.08,0.8,0,-0.022445,0.08,0,Start,1,40TonSpool,1,16.45.29-Sun.08.30.2020.csv
28.475158,79.734818,99.996417,150.253689,64.364129,65.011291,54.435675,14.140807,97.492315,4.416495,82.628042,28.691361,138.870547,98.266925,131.622779,97.903434,65.477669,97.136305,-0.067458,0.037318,32.02574,-235.909832,100.314751,4.154019,2.099214,8.91992,21.44153,1109.196945,0.97001,336694.1586,1.051431,66.522954,11.926684,3.513758,0.077383,0.056393,87.253265,81.577393,32,32,32,32,-4137.052304,32,67.154363,62.558841,65.87766,90.126582,25.126582,0,89.113924,89.620253,0,7.088608,8.35443,1677.531614,22.070924,0.683719,75.439653,0.377,0.879,0,0.377,0.809,0,0.095101,0.6509,0,-0.153,0.4,0,-0.8,0.9,0,-0.06,0.45,0,0.05,0.8,0,-0.0058,0.082,0,Start,1,40TonSpool,1,13.47.10-Mon.08.31.2020.csv
40.813841,90.252023,128.520876,164.178536,80.500393,80.929407,52.862761,14.140561,125.076341,5.629798,91.355179,41.249791,158.725669,127.917949,154.508651,126.677405,82.616224,125.417128,-0.323697,0.017506,32.02574,-235.910113,125.812312,5.340962,25.339441,9.991126,25.668769,1333.093481,NaN,NaN,NaN,61.824413,9.028754,3.254868,0.077856,0.0572,108.878976,97.125073,32,32,32,32,-1057.764733,32,68.451355,66.284693,78.082726,97.975949,20.196823,0,85.60362,86.297835,0,27.700848,28.045759,1584.719238,25.842249,0.652564,72.882006,0.377,0.879,0,0.377,0.809,0,0.095101,0.6509,0,-0.153,0.4,0,-0.8,0.9,0,-0.06,0.45,0,0.05,0.8,0,-0.0058,0.082,0,Start,1,40TonSpool,1,14.59.52-Mon.08.31.2020.csv
46.625723,62.117733,161.566613,154.103388,105.314279,106.832545,54.535942,14.131869,159.364114,5.451995,62.149767,47.020866,152.004823,161.799574,150.383984,159.960079,107.423398,157.827346,-0.07192,-0.280031,32.02574,-235.919534,149.228551,5.173146,31.634077,12.113534,30.44216,1572.847913,1.054976,434621.8815,0.981677,25.415186,1.170016,3.465501,0.078333,0.05762,116.335882,93.312336,32,32,32,32,392.169541,32,69.395712,76.55505,95.008508,99.999316,44.412596,0.02,77.0747,79.335877,0,60.03038,59.26481,1670.698242,31.773834,0.707627,75.418756,0.377,0.879,0,0.377,0.809,0,0.095101,0.6509,0,-0.153,0.4,0,-0.8,0.9,0,-0.06,0.45,0,0.05,0.8,0,-0.005801,0.082,0,Start,1,40TonSpool,1,16.16.05-Mon.08.31.2020.csv
59.032767,63.756003,169.961056,147.661473,129.847473,129.478268,54.494088,14.117759,167.544721,8.562335,63.587248,56.366732,146.115259,170.085545,144.884852,167.653028,110.573026,165.006412,-0.071949,-1.749594,32.02574,-235.933494,158.539492,2.329889,33.801016,12.712185,33.234676,1718.057817,0.965974,377418.7909,0.882359,15.12192,0.984552,2.904773,0.078182,0.057397,114.454487,92.215258,32,32,32,32,206.771153,32,69.485509,75.490434,96.287253,24.95811,43.556461,26.803571,71.655393,69.917178,15.381386,52.582753,53.134367,1668.33101,33.805917,0.634382,75.418611,0.377,0.879,0,0.309182,0.809,0,0.095101,0.6509,0,-0.153,0.4,0,-0.8,0.9,0,-0.06,0.45,0,0.05,0.8,0,-0.004611,0.082,0,Start,1,40TonSpool,1,16.32.09-Mon.08.31.2020.csv
52.503783,48.074503,159.550965,134.237137,124.373158,123.501688,54.510491,14.117978,157.152379,5.18873,48.031837,50.745533,133.230318,159.555469,132.093083,157.309215,105.734199,154.908115,-0.072242,-1.841754,32.02574,-235.933259,148.190073,4.864365,31.827638,12.1002,31.307967,1617.966927,0.957691,426464.9033,0.907611,5.404851,1.558367,3.050507,0.077779,0.057158,105.872569,82.852381,32,32,32,32,316.607004,32,69.517491,76.242912,92.0521,13.320902,57.78599,25.189418,69.954137,69.107519,18.057747,45.686219,50.912519,1669.185791,31.9603,0.648521,75.419594,0.377,0.879,0,0.3,0.809,0,0.095101,0.6509,0,-0.153,0.4,0,-0.64376,0.9,0,-0.05273,0.45,0,0.0477,0.8,0,-0.001706,0.082,0,Start,1,40TonSpool,1,17.49.48-Mon.08.31.2020.csv
61.373478,49.551935,161.534232,140.039451,112.514236,112.583862,54.494296,14.147886,158.474573,5.603392,49.980764,45.077247,136.919834,161.763921,135.062654,159.883801,105.656573,158.285792,-0.071369,-1.861279,32.02574,-235.903338,148.45719,5.224623,31.770916,12.093598,31.031252,1604.328419,0.350865,100123.4624,0.331207,-1.532611,3.13018,2.631496,0.076626,0.056365,103.801254,81.418704,32,32,32,32,263.258754,32,69.491788,75.376916,94.159675,49.501872,33.169904,21.798332,61.886408,63.776249,17.379747,34.185722,38.952003,1669.159456,31.914246,0.243971,75.414853,0.377,0.879,0,0.3,0.809,0,0.095101,0.6509,0,-0.153,0.4,0,-0.02,0.9,0,-0.017355,0.45,0,0.03,0.8,0,-0.006838,0.052681,0,Start,1,40TonSpool,1,18.05.52-Mon.08.31.2020.csv
83.071174,70.817059,82.289322,76.677528,-0.693383,-0.650805,0,14.164505,83.031144,-0.057432,67.676944,82.176318,69.184032,80.833771,71.360427,82.10192,67.424374,82.053555,-3.641088,-0.14095,32.02574,-235.880676,82.347057,-1.041145,0.140886,0.013919,0,46.920193,NaN,NaN,NaN,2.727144,-0.044245,0.990618,0.073357,0.0534,85.954038,87.216405,32,32,32,32,69.462254,32,68.022266,65.413244,67.840073,49.501872,30.078309,20.873418,40,39.240506,17.379747,26.927292,28.671262,0,-27.350465,-0.000036,15.066398,0.377,0.879,0,0.3,0.809,0,0.095101,0.6509,0,-0.153,0.4,0,-0.02,0.9,0,-0.01,0.45,0,0.03,0.8,0,-0.002,0.035,0,Start,1,40TonSpool,1,20.54.54-Mon.08.31.2020.csv
82.803087,70.637176,82.048899,75.595015,-0.023264,0.019158,0.005229,14.167703,82.800231,-0.000038,67.494767,81.945577,68.684572,80.603189,70.504416,81.864219,67.276144,81.802758,-0.067166,0.037755,32.02574,-235.878504,82.095502,-0.991723,0.145882,0.019302,0.000086,46.829121,#NAME?,NaN,Inf,2.719111,-0.063851,0.990891,0.073117,0.053249,85.186172,86.163088,32,32,32,32,69.393037,32,67.876488,65.517198,67.530454,49.501872,30.078309,20.873418,40,39.240506,17.379747,26.927292,28.671262,0,-6.006429,-0.000008,24.579346,0.377,0.879,0,0.3,0.809,0,0.095101,0.6509,0,-0.153,0.4,0,-0.02,0.9,0,-0.01,0.45,0,0.03,0.8,0,-0.002,0.035,0,Start,1,40TonSpool,1,21.09.03-Mon.08.31.2020.csv
Real Testing Starting,,,,,,,,,,,,,,,,,,,,,,,,,,,,,,,,,,,,,,,,,,,,,,,,,,,,,,,,,,,,,,,,,,,,,,,,,,,,,,,,,,,,,,,
49.742425,60.072254,161.238058,147.839829,114.607994,115.160383,54.513493,14.182035,157.423612,5.389593,60.188057,49.935129,146.099908,161.280745,144.5566,159.308093,105.513111,157.64318,-0.062076,-1.844156,32.02574,-235.869246,150.010483,5.107415,31.952189,12.142607,30.253862,1563.498216,1.080048,467196.0275,0.937516067,20.071785,3.013152,3.241488,0.074867,0.054155,113.053223,90.80649,32,32,32,32,325.064305,32,69.64395,73.435912,94.96701,100,30.871025,49.367089,40,30.397471,22.379747,25,35.057186,1669.874268,32.192293,0.701921,75.419883,0.377,0.879,0,0.3,0.809,0,0.095101,0.6509,0,-0.153,0.4,0,-0.02,0.8,0,-0.007809,0.45493,0,0.03,0.8,0,-0.062105,0.56597,0,Real Test Point 1,1,40TonSpool,1,23.58.06-Mon.08.31.2020.csv
50.076426,59.869712,172.983024,152.455288,113.732302,115.014933,54.473779,14.169385,168.547922,6.212815,59.999503,50.193113,150.416678,173.508061,148.727799,171.439404,110.057856,169.77767,-0.062187,-1.80915,32.02574,-235.881798,159.562591,5.886351,33.871598,12.669433,32.789782,1695.915352,1.028545,456429.1801,0.929617852,19.529464,3.573871,3.454516,0.0746,0.053629,114.127887,91.615193,32,32,32,32,246.893475,32,69.776934,72.917514,99.277741,100,24.367596,49.322089,40,17.980083,22.375747,25.947,34.486039,1667.497559,33.996004,0.698839,75.419939,0.377,0.879,0,0.3,0.809,0,0.095101,0.6509,0,-0.153,0.4,0,-0.02,0.8,0,-0.010153,0.21955,0,0.03,0.8,0,-0.06,0.45,0,Oil Caused Diversion,1,40TonSpool,1,01.05.47-Tue.09.01.2020.csv
49.82265,60.991904,173.298794,154.147672,111.127786,113.462246,54.473817,14.175437,172.30344,10.619894,61.104558,50.017299,151.855965,173.857974,150.199699,171.774515,110.404856,170.303194,-0.063827,-1.83685,32.02574,-235.875858,161.319158,5.718163,33.873205,12.622089,32.69646,1690.995851,1.035439,451306.5711,0.925008489,20.912598,3.445017,3.478256,0.074414,0.053598,112.649003,91.600885,32,32,32,32,262.913819,32,69.879938,72.578382,100.011158,100,23.03053,43.367089,40,34.888276,21.379747,26.488,40.753977,1667.541504,34.005044,0.695966,75.426748,0.377,0.879,0,0.3,0.809,0,0.095101,0.6509,0,-0.153,0.4,0,-0.02,0.8,0,-0.012453,0.22375,0,0.03,0.8,0,-0.06,0.45558,0,Real Test Point 2,1,40TonSpool,1,02.47.44-Tue.09.01.2020.csv
49.736034,59.287299,186.179179,159.763004,109.565976,111.99271,54.430509,14.167722,184.984956,10.109667,59.39778,49.80888,157.476936,187.199242,155.844498,185.037704,115.890062,183.615979,-0.065196,-1.802705,32.02574,-235.883665,173.256895,7.72608,35.909876,13.227677,34.677795,1794.991998,0.986243,431592.8186,0.911377236,19.286681,3.249075,3.743406,0.07401,0.053355,116.98015,93.680735,32,32,32,32,288.813542,32,69.985402,74.522828,103.022236,100,26.918848,43.367089,40,22.967223,22.379747,27,38.630116,1664.828988,35.917255,0.685741,75.328273,0.377,0.879,0,0.3,0.809,0,0.095101,0.6509,0,-0.153,0.4,0,-0.02,0.8,0,-0.011,0.25,0,0.03,0.8,0,-0.06,0.48,0,Real Test Point 2,1,40TonSpool,1,03.10.39-Tue.09.01.2020.csv
49.763547,60.095796,213.527688,173.921334,108.207182,108.763162,54.333798,14.15594,212.01757,9.841594,60.181714,49.87469,171.560057,215.264713,169.725595,212.916093,126.221766,211.491363,-0.063361,-1.260883,32.02574,-235.895789,195.975985,9.145729,40.160581,14.485539,38.307033,1986.160559,0.967795,399252.4306,0.888039949,20.072468,3.113226,4.290954,0.074581,0.053671,124.530776,98.787442,32,32,32,32,78.702764,32,69.815646,77.586259,108.314594,105.8,26.226438,43.367089,24.5,17.893232,22.379747,31,40.46222,1661.253662,39.920971,0.662774,75.434973,0.377,0.879,0,0.3,0.809,0,0.095101,0.6509,0,-0.153,0.4,0,-0.02,0.8,0,-0.011,0.25,0,0.03,0.8,0,-0.06,0.48,0,Real Test Point 2,1,40TonSpool,1,04.48.59-Tue.09.01.2020.csv
49.743305,60.087087,199.724622,153.007708,107.316508,110.053156,54.371611,14.175398,197.135265,6.05443,60.187302,50.209955,165.242284,201.087112,163.289143,197.673953,120.789386,196.258946,-0.065162,-1.827379,32.02574,-235.87596,182.74356,5.443476,37.914798,13.855138,35.719055,1850.6594,0.998182,415167.2022,0.898339352,20.085837,3.106179,4.01527,0.073858,0.052323,119.152966,95.96539,32,32,32,32,-3220.276046,32,69.755812,77.012924,105.097756,106.986017,29.538225,30.886076,28.216098,33.22065,24.506329,31.017174,27.909713,1663.117676,37.82536,0.675515,75.387917,0.377,0.879,0,0.3,0.809,0,0.095101,0.6509,0,-0.153,0.4,0,-0.02,0.8,0,-0.011,0.25,0,0.05,0.8,0,-0.01461,0.30752,0,First Test of the day ,1,40TonSpool,1,21.48.30-Tue.09.01.2020.csv
51.701482,62.03123,199.579754,148.31343,112.136791,114.76137,54.362539,14.198164,196.804181,5.635848,62.144131,52.304777,164.201639,200.921957,162.29858,197.285561,120.709877,195.76621,-0.064071,-1.848182,32.02574,-235.853405,182.993339,5.542553,38.114798,13.876066,36.520649,1892.36668,0.996358,434335.8501,0.902599954,20.03079,3.005766,3.860366,0.073514,0.052148,118.999796,96.401425,32,32,32,32,-1573.862871,32,69.834649,79.022388,103.949486,106.986017,36.144108,30.886076,28.216098,37.625026,24.506329,31.017174,31.20554,1662.861794,38.026874,0.680618,75.392989,0.377,0.879,0,0.3,0.809,0,0.09351,0.6509,0,-0.153,0.4,0,-0.02,0.8,0,-0.01,0.22,0,0.05,0.8,0,-0.013,0.32,0,First Test of the day ,1,40TonSpool,1,22.43.11-Tue.09.01.2020.csv
60.174557,70.044993,198.857879,153.249006,131.762327,134.656922,54.352931,14.204731,195.156045,5.682755,70.224513,61.097209,160.530242,199.925569,158.643573,195.31983,119.913371,193.258807,-0.06277,-1.888165,32.02574,-235.846845,183.127323,5.983034,38.799102,14.01179,36.980199,1916.460398,1.062035,517944.8692,0.914730107,20.014642,2.8717,3.304734,0.073444,0.052021,118.31341,97.900104,32,32,32,32,565.479508,32,69.89725,79.003555,103.412431,106.986017,35.841287,30.886076,42.402599,44.147775,24.506329,32.017174,33.298826,1661.423219,38.657115,0.694541,75.396805,0.377,0.879,0,0.3,0.809,0,0.09351,0.6509,0,-0.153,0.4,0,-0.02,0.8,0,-0.010385,0.238324,0,0.05,0.8,0,-0.011,0.222289,0,Better,1,40TonSpool,1,23.51.31-Tue.09.01.2020.csv
40.848508,75.089943,199.507537,153.933127,79.987637,84.095486,54.386561,14.202548,197.629168,5.31649,75.24747,41.111571,192.771538,201.273196,189.939917,198.51242,120.25497,197.611927,-0.064033,-1.90011,32.02574,-235.848832,180.075078,5.07452,36.495816,13.299688,34.711759,1798.245979,0.937745,339988.8672,0.881470843,45.014705,4.136981,4.884257,0.073227,0.051669,134.311897,110.690831,32,32,32,32,-4049.164185,32,70.025473,76.59463,108.39958,100,18.957035,30.886076,10.171957,24.738333,24.506329,14.888707,18.809072,1663.864746,36.488213,0.653042,75.355625,0.377,0.879,0,0.3,0.809,0,0.071057,0.7415,0,-0.153,0.4,0,-0.03,0.8,0,-0.028092,0.25,0,0.05,0.8,0,-0.010095,0.2702,0,Better,1,40TonSpool,1,02.00.18-Wed.09.02.2020.csv
33.088929,79.907399,199.0316,173.624403,67.151981,67.801162,54.456101,14.210777,186.09768,8.239704,80.084,33.094948,210.660212,200.909378,206.607607,198.688278,121.063794,197.893111,-0.065517,-1.707302,32.02574,-235.840872,170.857051,7.735931,35.229606,13.171079,33.766965,1747.004429,0.907308,281650.4777,0.896838251,59.953724,3.431416,6.014982,0.075747,0.054072,151.758588,125.307551,32,32,32,32,-10677.45637,32,69.951606,74.622793,112.954041,114.8,14.345497,25.886076,26.35443,16.906177,20.506329,10.385612,27.645652,1666.864619,35.278018,0.63835,75.318403,0.377,0.879,0,0.3,0.809,0,0.053,0.6509,0,-0.153,0.4,0,-0.03,0.8,0,-0.015,0.23,0,0.05,0.8,0,-0.006,0.7,0,Better,1,40TonSpool,1,15.24.53-Wed.09.02.2020.csv
Round 2 Starting with rerouted oil,,,,,,,,,,,,,,,,,,,,,,,,,,,,,,,,,,,,,,,,,,,,,,,,,,,,,,,,,,,,,,,,,,,,,,,,,,,,,,,,,,,,,,,
49.826288,60.293867,161.180195,147.826203,111.689455,115.441139,54.513024,14.404551,159.14732,3.87787,60.403973,50.4565,145.948022,161.324287,143.872582,158.312907,105.164799,155.995246,-0.069755,-1.263741,32.02574,-235.646822,158.710421,3.671095,31.994422,12.145979,60.181921,3110.303492,1.22518,469361.8693,0.938657897,20.206104,2.645735,3.234833,0.075762,0.053303,114.234536,88.46159,32,32,32,32,32,32,69.638056,71.357148,93.404564,100,46.199538,41.443038,60.608546,55.996075,23.746835,27.887441,45.425757,1670.005105,32.252371,0.013546,75.403656,0.377,0.879,0,0.3,0.809,0,0.093755,0.6509,0,-0.153,0.4,0,-0.03,0.8,0,-0.015,0.23,0,0.05,0.8,0,-0.013,0.28,0,,1,40TonSpool,1,16.44.52-Fri.10.23.2020.csv
49.710992,60.452305,173.23493,154.139501,109.748082,113.687271,54.481388,14.405333,171.587462,4.024608,60.508661,50.285814,152.138135,173.778964,150.08648,170.843426,110.666192,168.775731,-0.068975,-2.262826,32.02574,-235.646117,167.408457,3.81025,33.766886,12.605306,64.053604,3312.32531,0.049961,450876.1165,0.927662886,20.487104,2.55748,3.484949,0.076043,0.053243,117.068493,90.443005,32,32,32,32,32,32,69.816169,71.860041,97.12817,100,39.826296,41.443038,59.608546,44.071821,23.746835,27.887441,52.798398,1668.717808,33.904984,0.014215,75.443978,0.377,0.879,0,0.3,0.809,0,0.085101,0.6509,0,-0.153,0.4,0,-0.03,0.8,0,-0.015,0.23,0,0.05,0.8,0,-0.013,0.28,0,,1,40TonSpool,1,17.24.40-Fri.10.23.2020.csv
49.757905,60.137997,186.485989,160.337579,113.585121,112.224829,54.423294,14.407764,185.121382,4.301373,60.080453,50.292492,158.278203,187.46111,156.408131,184.436134,116.178297,182.529821,-0.069491,-2.232197,32.02574,-235.644109,178.503425,4.075896,35.760232,13.183582,67.215779,3479.451616,2.063462,433055.3029,0.91500816,20.133124,2.538085,3.747957,0.075968,0.053182,120.544669,92.512033,32,32,32,32,32,32,70.146115,72.404913,100.871274,100,37.233645,41.443038,59.608546,29.611543,23.746835,28.887441,59.93862,1666.073557,35.788621,0.014864,75.318828,0.377,0.879,0,0.3,0.809,0,0.085101,0.6509,0,-0.153,0.4,0,-0.03,0.8,0,-0.015,0.23,0,0.05,0.8,0,-0.013,0.25,0,,1,40TonSpool,1,17.57.00-Fri.10.23.2020.csv
49.853817,60.080732,214.001007,173.865565,96.94137,108.787243,54.341302,14.407879,212.983425,4.74919,59.985126,50.13383,171.513523,215.754737,169.667027,212.772963,126.66844,211.025103,-0.069068,-2.104093,32.02574,-235.643837,206.031186,4.514347,39.936984,14.473561,75.392462,3908.800089,0.244484,398304.0058,0.886262707,19.975156,2.504692,4.292433,0.075684,0.052776,128.278185,97.101056,32,32,32,32,32,32,70.246958,73.173695,108.004765,100,32.375537,41.443038,46.272015,16.495783,23.746835,29.887441,64.283832,1662.324365,39.732937,0.01592,75.421847,0.377,0.879,0,0.3,0.809,0,0.085101,0.6509,0,-0.153,0.4,0,-0.03,0.8,0,-0.013,0.23,0,0.05,0.8,0,-0.013,0.25,0,,1,40TonSpool,1,18.34.23-Fri.10.23.2020.csv
50.075716,59.898296,198.731033,166.019636,110.707771,111.376654,54.376189,14.408551,197.425609,4.162449,60.076344,50.432088,163.679481,200.073373,161.844731,197.025426,120.72163,195.233473,-0.066511,-2.197939,32.02574,-235.642971,191.0669,3.945809,37.560123,13.759346,72.334253,3747.535368,0.358411,419760.4076,0.901916767,19.540491,2.802983,3.968177,0.07548,0.052654,124.96773,94.836969,32,32,32,32,32,32,70.310957,73.4527,103.868243,100,35.408913,41.443038,46.272015,35.45434,26.746835,34.887441,27.322909,1663.795858,37.518972,0.015386,75.382206,0.377,0.879,0,0.3,0.809,0,0.085101,0.6509,0,-0.153,0.4,0,-0.03,0.8,0,-0.013,0.23,0,0.05,0.8,0,-0.013,0.25,0,,1,40TonSpool,1,18.51.50-Fri.10.23.2020.csv
51.595213,62.270172,199.636947,166.594674,113.665682,114.563674,54.366093,14.410457,198.263666,4.175363,62.2406,51.99403,164.441612,200.921896,162.286535,197.738016,121.309779,195.867019,-0.066522,-2.302573,32.02574,-235.641165,191.84874,3.956563,37.94053,13.822447,71.558389,3708.126447,0.505886,432726.5347,0.903543039,20.383067,2.442845,3.869016,0.075334,0.052741,125.005249,95.815482,32,32,32,32,32,32,70.380878,73.294483,104.730385,100,35.342159,41.443038,46.272015,39.639139,26.746835,34.887441,29.733397,1663.727262,37.850626,0.015572,75.390152,0.377,0.879,0,0.3,0.809,0,0.085101,0.6509,0,-0.153,0.4,0,-0.03,0.8,0,-0.013,0.23,0,0.05,0.8,0,-0.013,0.25,0,,1,40TonSpool,1,19.06.48-Fri.10.23.2020.csv
59.958442,70.416932,199.595417,162.461908,130.681246,135.004258,54.343295,14.415953,197.268479,3.781612,70.571417,60.776636,160.545149,200.523741,158.29467,196.460633,120.816815,193.482516,-0.066733,-2.316063,32.02574,-235.635825,191.921383,3.577023,38.769624,14.074423,73.596554,3815.399171,0.305909,517766.0197,0.921834297,20.573224,2.054788,3.329055,0.07546,0.052659,123.594552,95.874211,32,32,32,32,32,32,70.509927,73.656922,103.870381,100,45.130843,41.443038,60.775544,48.270962,29.746835,33.887441,34.512358,1662.401691,38.653598,0.01632,75.403696,0.377,0.879,0,0.3,0.809,0,0.085101,0.6509,0,-0.153,0.4,0,-0.03,0.8,0,-0.013,0.247057,0,0.05,0.8,0,-0.013,0.25,0,,1,40TonSpool,1,20.06.11-Fri.10.23.2020.csv
All Point Previous Calculated wrong torque,,,,,,,,,,,,,,,,,,,,,,,,,,,,,,,,,,,,,,,,,,,,,,,,,,,,,,,,,,,,,,,,,,,,,,,,,,,,,,,,,,,,,,,
40.825057,75.193686,200.781756,196.616033,83.329774,84.695974,54.383384,14.421084,199.985702,5.243073,75.254657,41.047081,191.915918,202.407263,189.217458,200.003213,121.915747,198.881636,-0.065856,-2.178902,32.02574,-235.630468,193.541692,3.922273,36.483707,13.36041,33.888107,1755.606226,-7.234798,339925.8459,0.888605609,45.151307,2.941648,4.918428,0.075815,0.052852,144.138908,110.854466,32,32,32,32,32,32,70.388503,74.694918,108.453465,124.7,32.675885,31.873418,51.609007,27.835551,21,29.683544,34.501881,1664.492479,36.49807,0.014488,75.349696,0.377,0.879,0,0.3,0.809,0,0.085101,0.6509,0,-0.153,0.4,0,-0.03,0.8,0,-0.013,0.25,0,0.05,0.8,0,-0.008,0.25,0,,1,40TonSpool,1,21.37.31-Fri.10.23.2020.csv
32.97168,80.142246,199.244203,217.459676,67.955126,66.89412,54.416156,14.423755,198.303884,9.931437,80.564077,32.85581,210.331391,201.231343,206.433304,199.045696,121.316004,198.210863,-0.068011,-2.230345,32.02574,-235.62778,183.90673,4.913963,35.268351,13.013577,30.930405,1601.390446,1.074271,277815.6566,0.889207578,60.338129,3.296056,6.042937,0.075617,0.052745,156.237219,120.549979,32,32,32,32,32,32,70.225005,74.976995,109.369941,124.7,21.266818,31.873418,42.12394,15.125801,21,14.283544,31.868072,1665.403451,35.365776,0.013388,75.322126,0.377,0.879,0,0.3,0.809,0,0.085101,0.6509,0,-0.153,0.4,0,-0.03,0.8,0,-0.011,0.25,0,0.05,0.8,0,-0.015,0.25,0,,1,40TonSpool,1,22.19.51-Fri.10.23.2020.csv
49.755287,59.940621,198.996024,165.995423,117.439893,117.93917,57.51969,14.414128,197.33822,3.666403,60.067746,50.591323,163.582272,199.998781,161.141441,196.557288,120.999426,194.194573,-0.063636,-1.976047,32.02574,-235.63793,207.425529,3.464286,39.84925,15.150507,21.28857,1042.676607,27.293513,444163.6237,0.909437558,19.920763,2.134945,3.999582,0.076587,0.054131,125.919034,92.894356,32,32,32,32,32,32,70.563081,73.500513,101.764726,32.620253,42.966254,31.873418,42.241088,58.90928,30.139241,33.367089,40.824332,1756.081652,39.813429,0.015542,77.968054,0.377,0.879,0,0.3,0.809,0,0.085101,0.6509,0,-0.153,0.4,0,-0.03,0.8,0,-0.011,0.25,0,0.05,0.8,0,-0.015,0.25,0,,1,40TonSpool,1,20.10.40-Mon.10.26.2020.csv
49.606544,59.641021,200.986967,168.321402,116.720887,122.167022,59.460238,14.416795,199.37917,3.458785,59.780506,50.577117,165.801895,202.256681,163.585583,198.591346,121.84916,196.078569,-0.062391,-2.057446,32.02574,-235.635478,215.399967,3.269684,42.181335,16.193627,38.384462,1818.763277,28.523229,457780.3619,0.913477439,19.768341,1.983789,4.051636,0.075947,0.053112,128.057708,93.840306,32,32,32,32,32,32,70.216325,73.84282,101.366144,32.620253,68.467422,31.873418,42.241088,61.081345,30.139241,35.367089,53.025846,1815.641033,42.037893,0.01571,79.655438,0.377,0.879,0,0.3,0.809,0,0.085101,0.6509,0,-0.153,0.4,0,-0.03,0.8,0,-0.011,0.25,0,0.05,0.8,0,-0.015,0.25,0,,1,40TonSpool,1,20.38.40-Mon.10.26.2020.csv
49.776553,60.105512,199.403608,166.766968,105.043584,100.54298,49.484583,14.41951,198.725074,4.171326,60.026834,50.018222,164.196883,200.669667,161.986501,198.081584,121.373388,196.480236,-0.063307,-2.426355,32.02574,-235.631598,217.435388,3.959831,34.37074,11.597683,33.003827,1879.089091,23.304338,378188.9604,0.901135163,20.072124,2.604949,4.005932,0.077092,0.054808,126.518915,95.676155,32,32,32,32,32,32,70.075729,73.667987,105.491048,100,29.409042,31.873418,34.078456,50.990739,27.139241,28.367089,36.088532,1509.167435,34.314169,0.015443,71.145787,0.377,0.879,0,0.3,0.809,0,0.085101,0.6509,0,-0.153,0.4,0,-0.03,0.8,0,-0.011,0.25,0,0.05,0.8,0,-0.015,0.25,0,,1,40TonSpool,1,21.39.02-Mon.10.26.2020.csv
50.321972,62.05123,92.836977,107.426011,117.026589,124.783258,54.721822,14.428009,85.981632,4.581566,62.249053,51.868891,106.695695,89.994585,104.783184,84.974649,57.646588,78.36286,0.341577,0.030661,32.02574,-235.62295,135.391252,4.330261,19.427309,8.152448,23.484852,1209.07818,12.704167,621206.1673,1.004426354,21.450592,7.085259,1.844897,0.076247,0.054035,96.583396,80.21486,32,32,32,32,32,32,70.240056,65.394565,63.98022,0,100.217288,100.012658,100,100,27.139241,28.842621,37.616374,1679.869694,20.399003,0.007563,75.393831,0.377,0.879,0,0.3,0.809,0,0.085101,0.6509,0,-0.153,0.4,0,-0.03,0.8,0,-0.011,0.25,0,0.05,0.8,0,-0.015,0.25,0,,1,40TonSpool,1,00.25.33-Tue.10.27.2020.csv
51.802038,62.450573,102.087863,111.969361,120.073093,127.958344,54.68975,14.418131,96.046774,3.709604,62.613501,53.342351,111.12433,99.85015,108.93706,95.028569,61.410006,89.162196,-0.066346,0.030748,32.02574,-235.632569,134.239502,3.489914,21.407229,8.841627,19.381861,998.517566,14.413276,627629.805,0.999301018,20.357183,10.852884,1.970742,0.076687,0.054398,96.862313,80.068416,32,32,32,32,32,32,70.263915,66.228249,70.882273,40.506329,43.979264,70.379747,69.873418,59.087975,25.139241,29,36.784849,1677.02746,22.264647,0.008594,75.469588,0.377,0.879,0,0.3,0.809,0,0.085101,0.6509,0,-0.153,0.4,0,-0.03,0.8,0,-0.011,0.25,0,0.05,0.8,0,-0.015,0.25,0,,1,40TonSpool,1,00.59.13-Tue.10.27.2020.csv
51.775418,62.437928,119.116123,124.125798,121.026441,125.129352,54.635457,14.413447,114.313726,3.715415,62.599723,53.144683,123.055593,117.664229,120.953914,113.350497,67.130495,109.330612,-0.066812,0.030677,32.02574,-235.637774,174.937198,3.501013,24.967868,9.988437,23.378455,1205.528775,17.352913,600378.6973,0.978733744,20.364475,17.524394,2.300647,0.076392,0.054158,105.401076,84.128914,32,32,32,32,32,32,70.709179,66.891392,78.858443,54.746835,26.847309,58.379747,45.162153,52.88217,25.139241,27,26.338451,1675.475404,25.624615,0.010357,75.403522,0.377,0.879,0,0.3,0.809,0,0.085101,0.6509,0,-0.153,0.4,0,-0.03,0.8,0,-0.011,0.25,0,0.05,0.8,0,-0.015,0.25,0,,1,40TonSpool,1,02.06.10-Tue.10.27.2020.csv
51.680124,61.350125,138.964612,133.508716,120.305943,123.611995,54.593814,14.364948,135.444786,3.421169,61.547712,53.113804,132.07513,138.170804,129.883612,134.541173,83.431923,131.326264,-0.063622,0.031078,32.02574,-235.686096,172.090342,3.221981,28.365626,11.003924,27.869449,1438.324496,20.333564,553393.756,0.966768894,19.362705,12.909936,2.688923,0.07602,0.053864,106.427743,84.170984,32,32,32,32,32,32,70.795824,72.602824,85.624059,0,48.864169,50.379747,44.895258,32.044504,26.78481,26.253165,48.187692,1672.818767,28.789437,0.012155,75.426782,0.377,0.879,0,0.3,0.809,0,0.085101,0.6509,0,-0.153,0.4,0,-0.03,0.8,0,-0.012,0.28,0,0.05,0.8,0,-0.015,0.26,0,,1,40TonSpool,1,21.39.51-Tue.10.27.2020.csv
51.612107,62.077093,161.146875,146.651539,116.135478,120.142132,54.505465,14.366712,158.564938,3.488825,62.171265,52.728085,144.941722,161.137226,142.785758,157.797805,92.389145,155.300485,-0.062332,-2.30128,32.02574,-235.684678,198.507666,3.298164,31.981795,12.082574,30.538651,1578.491694,22.830505,519030.3262,0.944376603,20.162826,15.11796,3.122342,0.07616,0.053623,114.198978,88.958559,32,32,32,32,32,32,71.322099,75.12875,93.899003,0,39.392582,40.379747,36.313105,34.929485,26.78481,26.253165,45.188652,1669.393686,32.253613,0.013676,75.377552,0.377,0.879,0,0.3,0.809,0,0.085101,0.6509,0,-0.153,0.4,0,-0.03,0.8,0,-0.012,0.25,0,0.05,0.8,0,-0.015,0.25,0,,1,40TonSpool,1,23.04.26-Tue.10.27.2020.csv
52.008367,62.55535,185.979789,158.282524,111.116124,118.904778,54.42976,14.362167,184.022442,3.2527,62.52763,53.244282,156.256444,186.666061,153.875434,183.308273,98.205015,181.128672,-0.064497,-2.17788,32.02574,-235.689369,221.423928,3.064373,35.834683,13.162842,34.795886,1801.020282,25.309725,501459.4972,0.929278647,20.25494,19.96494,3.575872,0.076796,0.05376,119.474005,91.338777,32,32,32,32,32,32,71.006441,75.578528,101.129203,28.860759,27.869156,40.379747,30.414466,15.042521,25.78481,27.498706,41.39868,1666.095791,35.847662,0.015191,75.330999,0.377,0.879,0,0.3,0.809,0,0.085101,0.6509,0,-0.153,0.4,0,-0.03,0.8,0,-0.012,0.25,0,0.05,0.8,0,-0.015,0.25,0,,1,40TonSpool,1,23.37.17-Tue.10.27.2020.csv
51.630283,62.205257,213.686931,172.681916,109.227418,114.10324,54.329362,14.345725,212.596212,3.459319,62.147568,52.583696,170.50626,215.229145,168.132041,211.875677,106.884865,210.154595,-0.063117,-2.179899,32.02574,-235.706072,249.767017,3.265937,40.004933,14.447602,37.832003,1961.761753,27.080655,462670.3057,0.899729613,20.281447,21.988426,4.138737,0.076342,0.053474,130.022803,97.378473,32,32,32,32,32,32,71.23813,77.406484,108.529583,52.626582,27.229313,34.379747,31.794935,28.43481,25.78481,25.646896,47.166477,1661.526427,39.826378,0.016298,75.40469,0.377,0.879,0,0.3,0.809,0,0.085101,0.6509,0,-0.153,0.4,0,-0.03,0.8,0,-0.012,0.25,0,0.05,0.8,0,-0.015,0.25,0,,1,40TonSpool,1,00.41.51-Wed.10.28.2020.csv
51.667302,62.279115,138.85397,133.294719,74.034238,75.72658,34.555002,14.370156,137.952044,4.103387,62.206404,51.660682,131.245215,138.326278,129.782521,137.354333,86.013289,136.296661,-0.061573,0.037895,32.02574,-235.679361,133.757023,3.910989,17.497329,4.877779,16.073435,1310.455471,12.484173,336258.2038,0.938399911,20.317763,12.761397,2.687893,0.07525,0.052541,104.88422,86.669621,32,32,32,32,32,32,69.221292,69.087982,71.640451,40.253165,57.555354,28.556962,47.351617,45.092701,12.506329,14.512658,27.787668,1057.849702,19.661469,0.011802,58.295155,0.377,0.879,0,0.3,0.809,0,0.084101,0.6509,0,-0.153,0.4,0,-0.03,0.8,0,-0.01271,0.263,0,0.05,0.8,0,-0.017,0.251143,0,,1,40TonSpool,1,22.07.29-Sat.10.31.2020.csv
51.586242,62.179776,139.798429,134.756539,83.134074,85.265966,39.688105,14.381161,138.610794,4.330873,62.22422,51.468085,132.77848,139.212091,131.074572,137.848725,86.104985,136.443479,-0.058703,0.038262,32.02574,-235.668557,133.947799,4.132792,20.01831,6.122025,18.609338,1320.946768,14.174764,378388.1473,0.921182642,20.290771,12.740838,2.71028,0.076225,0.0526,106.838711,86.821449,32,32,32,32,32,32,69.448972,69.345463,73.215561,29.034435,86.366314,28.556962,47.351617,56.774098,13.506329,18.512658,31.895193,1211.444402,20.489425,0.0117,62.615198,0.377,0.879,0,0.3,0.809,0,0.084101,0.6509,0,-0.153,0.4,0,-0.03,0.8,0,-0.0127,0.263,0,0.05,0.8,0,-0.017,0.27,0,,1,40TonSpool,1,22.36.14-Sat.10.31.2020.csv
52.006395,61.881863,138.824831,133.728787,93.308888,98.678038,44.558904,14.392567,137.164235,4.275544,61.938932,52.355058,131.934234,138.306899,130.198457,136.322027,84.093546,133.947309,-0.060919,0.037528,32.02574,-235.657632,133.695033,4.045553,22.879771,7.616056,21.770049,1376.501399,16.119817,441087.6528,0.94034341,19.567847,13.544485,2.669172,0.078481,0.053871,108.426388,86.497113,32,32,32,32,32,32,69.221155,69.229643,75.140262,100,24.655707,30.556962,48.851617,71.723901,16.506329,18.512658,58.245195,1365.128387,23.261001,0.011809,66.87348,0.377,0.879,0,0.3,0.809,0,0.084101,0.6509,0,-0.153,0.4,0,-0.03,0.8,0,-0.0127,0.263,0,0.05,0.8,0,-0.017,0.27,0,,1,40TonSpool,1,23.17.56-Sat.10.31.2020.csv
51.697998,61.611223,138.658761,132.824052,109.660439,114.276406,49.675007,14.397387,136.046482,4.01116,61.826812,52.619522,131.421367,137.813461,129.621565,135.194284,83.421259,132.10631,-0.059544,0.038223,32.02574,-235.653315,132.359852,3.786785,26.265619,9.469382,25.487779,1445.567582,18.760735,511978.8774,0.982550992,19.60648,13.303739,2.682068,0.075645,0.052375,107.21839,84.707219,32,32,32,32,32,32,69.31644,69.409236,76.327709,100,29.670249,32.556962,54.851617,83.768122,20.506329,19.512658,64.276965,1518.827979,26.657002,0.012353,71.112886,0.377,0.879,0,0.3,0.809,0,0.084101,0.6509,0,-0.153,0.4,0,-0.03,0.8,0,-0.0127,0.25,0,0.05,0.8,0,-0.017,0.27,0,,1,40TonSpool,1,23.47.57-Sat.10.31.2020.csv
51.663483,61.348581,138.67905,132.128603,117.843421,125.035906,54.578768,14.405921,135.367757,4.069194,61.596666,52.613223,130.794033,137.634872,128.968866,134.509824,82.734366,130.866668,-0.061435,0.037956,32.02574,-235.645229,131.553493,3.825378,28.493766,11.095201,25.519501,1317.469276,20.530891,561385.245,0.978473846,19.38062,13.376558,2.684283,0.075944,0.052467,106.218963,83.354289,32,32,32,32,32,32,69.364312,69.572806,75.697167,100,35.864792,41.556962,56.892169,60.934302,22.506329,25.512658,54.376789,1672.600134,28.908387,0.012275,75.453019,0.377,0.879,0,0.3,0.809,0,0.084101,0.6509,0,-0.153,0.4,0,-0.03,0.8,0,-0.0127,0.25,0,0.05,0.8,0,-0.017,0.27,0,,1,40TonSpool,1,00.14.55-Sun.11.01.2020.csv
51.850969,62.132091,139.372515,134.486347,131.055219,136.185723,59.653532,14.412185,135.111573,3.871173,62.251201,52.993374,133.155975,138.210222,131.584108,134.248306,82.355148,130.04276,-0.059806,0.037097,32.02574,-235.639443,131.602097,3.64766,31.620871,12.824597,29.304656,1383.946045,22.435058,613741.3844,0.973317934,19.995282,13.344615,2.687971,0.075762,0.052432,108.006452,84.382049,32,32,32,32,32,32,69.247136,69.489292,74.890854,100,52.692953,41.556962,56.892169,79.586209,24.506329,28.512658,66.828431,1824.623222,31.957957,0.012296,79.611693,0.377,0.879,0,0.3,0.809,0,0.084101,0.6509,0,-0.153,0.4,0,-0.03,0.8,0,-0.0127,0.25,0,0.05,0.8,0,-0.017,0.27,0,,1,40TonSpool,1,00.41.45-Sun.11.01.2020.csv
60.387538,69.596438,138.444544,129.276347,142.468275,147.982001,54.571765,14.418168,133.321054,4.297484,69.945406,61.849594,128.160762,136.882649,125.99544,132.373587,80.987055,127.470688,-0.058722,0.038294,32.02574,-235.632773,135.685951,4.044298,28.492873,11.108877,25.228755,1302.625251,20.412552,678232.6767,0.996074273,19.359365,13.419427,2.292605,0.076231,0.052652,105.748925,84.828897,32,32,32,32,32,32,69.219496,69.405999,74.465703,100,39.376525,46.556962,65.835102,83.234069,24.506329,26.512658,47.517038,1672.618354,28.898116,0.012204,75.44108,0.377,0.879,0,0.3,0.809,0,0.084101,0.6509,0,-0.153,0.4,0,-0.03,0.8,0,-0.0127,0.25,0,0.05,0.8,0,-0.017,0.27,0,,1,40TonSpool,1,01.00.09-Sun.11.01.2020.csv
49.859849,60.174799,139.059109,134.522888,118.071801,118.606056,54.565957,14.425141,135.83504,4.166622,60.305046,50.741714,133.018452,138.099207,130.929038,135.007279,83.149742,131.693143,-0.060154,0.037512,32.02574,-235.625969,131.620111,3.923288,28.497576,11.097098,26.330617,1359.630072,20.270076,531111.9947,0.96242134,20.051193,13.37435,2.788969,0.076258,0.052737,106.41904,84.148877,32,32,32,32,32,32,69.260231,69.531341,76.231534,100,36.179401,46.556962,34.242494,59.044879,23.506329,28,40.043959,1672.528435,28.902763,0.01212,75.438901,0.377,0.879,0,0.3,0.809,0,0.084101,0.6509,0,-0.153,0.4,0,-0.03,0.8,0,-0.0127,0.25,0,0.05,0.8,0,-0.017,0.27,0,,1,40TonSpool,1,01.54.06-Sun.11.01.2020.csv
40.72901,49.750679,138.77141,139.738556,94.928441,95.679745,54.577084,14.435441,136.759494,4.686593,49.782348,41.192025,137.837205,138.249352,136.003638,136.119844,84.539901,134.434251,-0.059512,0.03862,32.02574,-235.615244,130.576706,4.422169,27.961563,10.933863,24.917065,1286.24214,19.531081,418844.794,0.941978282,19.809457,13.332164,3.407388,0.076201,0.052662,109.41944,85.857502,32,32,32,32,32,32,69.344748,69.613872,76.721493,100,34.305519,35.443038,40.236485,51.998424,22.506329,26.191996,36.752866,1673.099293,28.388924,0.011674,75.385321,0.377,0.879,0,0.3,0.809,0,0.084101,0.6509,0,-0.153,0.4,0,-0.03,0.8,0,-0.012,0.255,0,0.05,0.8,0,-0.015,0.26,0,,1,40TonSpool,1,01.34.12-Sun.11.01.2020.csv
33.24597,40.246685,139.252115,144.361641,73.983462,77.811233,54.590568,14.434563,137.991283,4.834755,39.979255,33.516121,141.812636,139.023682,139.849769,137.660281,85.303643,136.525999,-0.060021,0.037726,32.02574,-235.61644,127.903123,4.571406,26.990067,10.660559,24.787924,1279.202879,18.569152,334702.4373,0.930230331,20.077623,13.581164,4.188605,0.076121,0.052695,109.642398,85.228893,32,32,32,32,32,32,69.356167,69.614069,77.301119,100,28.293672,35.443038,23.036875,36.881294,21.506329,25.191996,35.743978,1673.456448,27.491715,0.011096,75.342583,0.377,0.879,0,0.3,0.809,0,0.084101,0.6509,0,-0.153,0.4,0,-0.03,0.8,0,-0.012,0.255,0,0.05,0.8,0,-0.015,0.26,0,,1,40TonSpool,1,01.58.29-Sun.11.01.2020.csv
26.627182,30.139359,138.826671,153.586634,64.933774,60.673101,54.620072,14.441232,137.427956,9.105306,29.29809,26.426657,149.825251,138.906799,147.480424,137.991172,85.519078,137.195412,-0.061189,0.037694,32.02574,-235.609522,125.941554,3.527693,25.776433,10.280618,23.836568,1229.508338,16.690043,256818.9525,0.895362949,20.136092,13.687801,5.214133,0.076132,0.052606,112.391142,86.042337,32,32,32,32,32,32,69.431618,69.482153,76.814132,100,23.98515,25.443038,29.223072,34.660221,21.506329,20.810841,27.958671,1674.420473,26.34458,0.009968,75.386669,0.377,0.879,0,0.3,0.809,0,0.084101,0.6509,0,-0.153,0.4,0,-0.03,0.8,0,-0.012,0.255,0,0.05,0.8,0,-0.015,0.26,0,,1,40TonSpool,1,02.54.36-Sun.11.01.2020.csv
21.147479,20.028389,138.995125,163.739454,65.538944,47.873245,54.632453,14.445016,137.802785,5.642151,17.647197,20.842604,158.554005,139.237264,155.307599,138.55973,86.017099,137.941908,-0.063735,0.038281,32.02574,-235.605757,124.99413,4.708963,24.465877,9.853097,23.00295,1186.17126,15.010956,199263.6998,0.878349204,20.093598,13.548694,6.572754,0.075917,0.05269,113.372283,87.079984,32,32,32,32,32,32,69.434717,69.557767,76.348605,100,22.444366,16.443038,27.74112,35.602658,18.506329,23.810841,25.294912,1675.241954,25.114319,0.008961,75.384321,0.377,0.879,0,0.3,0.809,0,0.084101,0.6509,0,-0.153,0.4,0,-0.03,0.8,0,-0.012,0.255,0,0.05,0.8,0,-0.015,0.26,0,,1,40TonSpool,1,03.26.59-Sun.11.01.2020.csv
16.746578,10.456014,138.805845,174.417889,39.543785,38.937555,54.6656,14.457801,137.821832,4.068443,7.324975,16.167831,167.625562,139.27361,163.752025,138.674085,86.254148,138.224465,-0.064327,0.037562,32.02574,-235.592864,123.730069,3.914062,23.29758,9.493145,22.80984,1175.536163,13.711819,159742.9252,0.890126775,20.19784,13.444811,8.290949,0.076103,0.052899,117.805943,89.760577,32,32,32,32,32,32,69.513078,69.700235,75.363175,100,21.999882,0,32.74112,43.07297,0,26,71.613376,1676.262243,24.024096,0.00818,75.380818,0.377,0.879,0,0.3,0.809,0,0.084101,0.6509,0,-0.153,0.4,0,-0.03,0.8,0,-0.014,0.255,0,0.05,0.8,0,-0.015,0.26,0,,1,40TonSpool,1,04.20.10-Sun.11.01.2020.csv
51.769669,57.291425,138.249299,126.358636,123.093903,129.56673,54.605562,14.377653,134.526886,4.078325,57.34217,53.419627,125.380272,136.9599,124.047536,133.684651,83.136877,129.771745,-0.067193,0.036406,32.02574,-235.673528,131.046591,3.842075,28.363708,11.06859,26.266969,1355.188421,20.914781,573854.8534,1.000206838,15.232927,12.425703,2.67042,0.076878,0.054037,101.245106,79.003048,32,32,32,32,32,32,69.383359,68.85167,75.769663,100,34.038232,48.607595,66.440609,70.643721,22.493671,31.177215,58.357162,1673.649089,28.790498,0.012497,75.450403,0.377,0.879,0,0.3,0.809,0,0.084101,0.6509,0,-0.153,0.4,0,-0.03,0.8,0,-0.014,0.255,0,0.05,0.8,0,-0.015,0.26,0,,1,40TonSpool,1,00.54.04-Tue.11.03.2020.csv
51.814082,61.595835,138.870306,129.858992,121.938904,128.713043,54.593791,14.376099,135.171467,4.134783,61.896598,53.734789,128.415792,137.576682,126.083379,134.346536,83.216876,130.527742,-0.067034,0.037302,32.02574,-235.675063,131.483674,3.896175,28.457748,11.103264,28.638741,1477.950734,21.107376,577010.8774,1.004431132,19.471654,12.723314,2.68011,0.076685,0.053946,100.522458,80.12809,32,32,32,32,32,32,69.504173,69.02074,77.295746,100,28.668665,48.607595,66.440609,71.37085,22.493671,31.177215,40.05282,1673.183156,28.885813,0.012615,75.450739,0.377,0.879,0,0.3,0.809,0,0.084101,0.6509,0,-0.153,0.4,0,-0.03,0.8,0,-0.014,0.255,0,0.05,0.8,0,-0.015,0.26,0,,1,40TonSpool,1,01.14.21-Tue.11.03.2020.csv
51.782886,67.809331,139.12184,137.787736,117.842729,124.176455,54.58667,14.374821,135.395301,3.982526,67.940077,53.366038,136.270837,137.891171,133.869157,134.609349,83.451091,131.004927,-0.064551,0.037853,32.02574,-235.676094,131.710167,3.748358,28.501487,11.102951,26.14869,1349.553856,20.771988,566203.7237,0.985772004,25.73381,12.728113,2.686656,0.076775,0.054055,105.978569,85.965489,32,32,32,32,32,32,69.680261,69.328161,76.734509,100,33.682101,48.607595,66.440609,66.518557,22.493671,31.495623,34.296935,1673.328912,28.925444,0.012414,75.46176,0.377,0.879,0,0.3,0.809,0,0.084101,0.6509,0,-0.153,0.4,0,-0.03,0.8,0,-0.014,0.255,0,0.05,0.8,0,-0.015,0.26,0,,1,40TonSpool,1,01.44.31-Tue.11.03.2020.csv
51.72514,72.139285,139.157131,142.606091,115.873469,122.088873,54.583722,14.373208,135.426441,3.859039,72.341866,53.277815,140.904229,138.028598,138.383539,134.65172,83.567911,131.169938,-0.065726,0.03719,32.02574,-235.677956,131.861501,3.634606,28.540581,11.082716,28.360005,1463.66043,20.696498,563385.4725,0.981255325,30.104816,12.696726,2.69027,0.076755,0.054049,109.47731,89.656419,32,32,32,32,32,32,69.607028,69.496692,77.06944,100,32.426648,48.607595,66.440609,65.247393,22.493671,31.177215,31.688745,1672.934436,28.947745,0.012372,75.452997,0.377,0.879,0,0.3,0.809,0,0.084101,0.6509,0,-0.153,0.4,0,-0.03,0.8,0,-0.014,0.255,0,0.05,0.8,0,-0.015,0.26,0,,1,40TonSpool,1,02.06.03-Tue.11.03.2020.csv
51.665421,77.406595,139.122233,148.961691,114.221288,119.154226,54.574874,14.369881,135.293223,3.747679,77.588201,53.076399,147.163956,138.123366,144.756522,134.604415,83.392489,131.3146,-0.064337,0.037438,32.02574,-235.681228,132.025787,3.520967,28.570763,11.092136,26.723757,1379.49638,20.502662,558441.8111,0.971756637,35.43573,12.946716,2.692663,0.076982,0.053901,115.234698,95.448112,32,32,32,32,32,32,69.703682,69.926885,76.870162,100,34.180496,48.607595,66.440609,62.867176,22.493671,30,41.507705,1672.144648,28.991873,0.012261,75.438751,0.377,0.879,0,0.3,0.809,0,0.084101,0.6509,0,-0.153,0.4,0,-0.03,0.8,0,-0.014,0.255,0,0.05,0.8,0,-0.015,0.26,0,,1,40TonSpool,1,03.08.47-Tue.11.03.2020.csv
51.941061,82.353881,138.842598,152.565609,114.428162,118.994207,54.56697,14.367849,134.988199,3.643744,82.713059,53.562545,150.450324,137.91087,147.510908,134.31275,82.892521,130.992749,-0.065683,0.03724,32.02574,-235.683405,131.943646,3.423301,28.589019,11.088664,28.254558,1458.614772,20.567678,566246.1527,0.976818909,40.104604,13.281974,2.673093,0.076961,0.053734,115.911024,97.214313,32,32,32,32,32,32,69.724624,70.010744,76.499354,100,28.691453,48.607595,66.440609,65.420802,22.493671,30,34.397023,1672.719636,29.011037,0.012296,75.44589,0.377,0.879,0,0.3,0.809,0,0.084101,0.6509,0,-0.153,0.4,0,-0.03,0.8,0,-0.014,0.255,0,0.05,0.8,0,-0.015,0.26,0,,1,40TonSpool,1,03.27.01-Tue.11.03.2020.csv
51.722895,87.801884,139.210079,159.027998,112.465001,116.522161,54.562791,14.364237,135.29516,3.588932,87.996617,53.266472,156.958396,138.266189,154.388229,134.657714,83.26783,131.544147,-0.06439,0.038006,32.02574,-235.687094,132.231253,3.378791,28.701059,11.089437,27.048514,1396.386311,20.573059,562075.1648,0.97359312,45.783563,13.182632,2.691506,0.077012,0.05382,121.308597,102.829887,32,32,32,32,32,32,69.903326,70.24205,76.521951,100,32.427432,48.607595,66.440609,62.313741,21.493671,30,43.020762,1672.673012,29.101086,0.0123,75.441638,0.377,0.879,0,0.3,0.809,0,0.084101,0.6509,0,-0.153,0.4,0,-0.03,0.8,0,-0.014,0.255,0,0.05,0.8,0,-0.015,0.26,0,,1,40TonSpool,1,04.01.48-Tue.11.03.2020.csv
51.69652,92.361408,138.519874,163.091485,111.735875,115.209278,54.611907,14.306433,134.793829,4.250444,92.471956,53.062165,160.917924,-237.807654,158.648158,134.209967,83.225242,131.096421,-0.07089,0.037431,32.02574,-235.744832,133.895913,4.037405,28.715782,11.214918,26.533845,1368.405833,20.476483,562663.5694,0.972701633,50.378663,12.997863,2.67953,0.076523,0.054036,124.045037,103.671779,32,32,32,32,32,32,68.408889,68.48677,77.159233,65,23.270972,48.607595,73.592503,55.862817,21.493671,26.799241,50.701953,1674.021251,29.148091,0.012231,75.493445,0.377,0.879,0,0.3,0.809,0,0.084101,0.6509,0,-0.153,0.4,0,-0.03,0.8,0,-0.014,0.255,0,0.02,0.8,0,-0.015,0.26,0,,1,40TonSpool,1,17.20.09-Tue.11.03.2020.csv
60.181231,69.626804,212.969036,165.098438,134.380236,137.22385,55.927689,14.30007,210.333686,6.076618,69.846634,61.869786,163.179473,-237.811132,160.957361,209.830015,118.757471,206.848452,-0.067931,0.036778,32.02574,-235.751441,189.098506,4.757427,41.267152,14.864537,40.683926,2050.483476,28.885784,530519.2683,0.904757488,19.575979,8.952124,3.538843,0.141844,0.07489,124.057249,95.954945,32,32,32,32,32,32,70.161147,70.672106,99.808283,116,39.068662,27,61.355701,66.711923,24.493671,47.225258,33.548021,1660.575297,40.943709,0.017396,75.394801,0.377,0.879,0,0.3,0.809,0,0.084101,0.6509,0,-0.153,0.4,0,-0.03,0.8,0,-0.014,0.255,0,0.02,0.8,0,-0.013,0.26,0,,1,40TonSpool,1,17.37.47-Wed.11.04.2020.csv
60.477497,69.780542,115.550528,115.409233,148.157901,153.684645,55.814864,14.314258,108.252092,4.309408,70.001064,62.6128,114.627463,-237.800786,112.559868,107.23494,57.735921,101.157947,-0.06914,0.038151,32.02574,-235.736752,118.500394,4.071167,23.631149,9.622047,22.750196,1148.820098,16.514397,773494.3127,1.010179458,19.471007,22.126335,1.910615,0.292699,0.074986,98.979583,83.14778,32,32,32,32,32,32,69.693417,68.901578,64.511212,0,100,80.518987,89.367089,83.755882,25.493671,26.326187,25.668584,1674.822907,24.382384,0.00986,75.367109,0.377,0.879,0,0.3,0.809,0,0.084101,0.6509,0,-0.153,0.4,0,-0.03,0.8,0,-0.014,0.255,0,0.02,0.8,0,-0.013,0.26,0,,1,40TonSpool,1,18.41.18-Wed.11.04.2020.csv
16.687262,10.576154,94.175102,137.7181,36.32858,39.297147,55.802021,14.320641,91.97346,6.969532,7.628352,15.468644,132.443091,-237.795278,129.144071,92.187534,52.154181,93.306034,-0.068496,0.037205,32.02574,-235.730218,91.602462,1.084882,18.094128,7.70231,17.998283,907.994532,11.222124,184075.4233,0.883452563,20.447895,22.815248,5.643714,0.378806,0.075556,102.599959,81.498572,32,32,32,32,32,32,69.263504,67.546505,59.348607,0,100,0,45.873418,40.417645,0,34.9,37.157313,1679.213794,19.132094,0.006683,75.347903,0.377,0.879,0,0.3,0.809,0,0.084101,0.6509,0,-0.153,0.4,0,-0.03,0.8,0,-0.001,0.255,0,0.02,0.8,0,-0.013,0.26,0,,1,40TonSpool,1,19.26.12-Wed.11.04.2020.csv
16.618599,10.581692,213.593612,265.746146,41.364709,28.963388,55.751029,14.325292,211.429339,5.613838,5.776384,15.709762,247.846029,-237.786087,237.976851,214.225418,113.098398,214.343928,-0.068508,0.037759,32.02574,-235.725979,189.14434,4.409602,32.216808,12.224124,30.973164,1565.721341,12.418409,105958.947,0.654497,20.601627,17.214463,12.85463,0.336227,0.075104,163.316583,127.804722,32,32,32,32,32,32,70.042943,70.446508,115.045817,266.921795,7.668856,0,16.963291,12.773852,0,35.062895,35.082334,1669.859275,32.417425,0.007437,75.371953,0.377,0.879,0,0.3,0.809,0,0.084101,0.6509,0,-0.153,0.4,0,-0.03,0.8,0,-0.001,0.255,0,0.02,0.8,0,-0.013,0.26,0,,1,40TonSpool,1,20.32.42-Wed.11.04.2020.csv
,,,,,,,,,,,Displacement Corrected here,,,,,,,,,,,,,,,,,,,,,,,,,,,,,,,,,,,,,,,,,,,,,,,,,,,,,,,,,,,,,,,,,,,,,,,,,,,,
49.757013,60.672248,200.18494,168.480819,115.884244,116.942147,57.543328,14.311937,198.225906,6.99703,60.764528,50.580916,166.184365,-237.800379,164.470056,198.143947,116.032977,196.607041,-0.071167,0.037102,32.02574,-235.740369,177.800952,6.677047,40.69527,15.415536,26.241421,1284.713,27.234535,452694.3829,0.90304,20.661836,7.993228,4.023241,0.075924,0.05451,126.409839,96.239706,32,32,32,32,32,32,69.46805,70.154989,97.060992,112.2,52.587884,14.734177,64,62.152971,13.873418,50.873418,51.89153,0.203375,40.513886,133.919746,77.929535,0.377,0.879,0,0.3,0.809,0,0.084101,0.6509,0,-0.153,0.4,0,-0.03,0.8,0,-0.001,0.255,0,0.02,0.8,0,-0.013,0.21,0,,1,40TonSpool,1,23.56.37-Wed.11.18.2020.csv
60.185511,64.752349,138.736106,123.558289,149.616131,150.472481,54.597656,14.370212,133.48844,4.652141,65.040324,61.562621,122.527732,136.931529,120.245246,132.547935,66.84402,128.03526,-0.062643,0.037611,32.02574,-235.680928,134.95069,4.409425,28.437636,11.121238,27.63623,1426.036046,20.610139,721299.6593,1.002625,14.691399,27.847487,2.305145,0.074226,0.05149,99.244864,79.200867,32,32,32,32,32,32,68.909354,68.249279,79.016068,100,25.450316,52.493671,59.276212,63.720624,0,45.113924,48.058474,0.210984,28.810359,97.686916,75.440329,0.377,0.879,0,0.3,0.809,0,0.084101,0.6509,0,-0.153,0.4,0,-0.03,0.8,0,-0.0018,0.26,0,0.02,0.8,0,-0.013,0.25,0,,1,40TonSpool,1,11.44.07-Fri.11.20.2020.csv
49.666701,65.378286,138.720536,139.276432,114.437039,117.165094,54.58437,14.364026,135.326639,4.011736,65.484074,50.539518,137.825397,137.647073,135.94776,134.510172,67.289785,131.779003,-0.064879,0.037413,32.02574,-235.687122,131.425151,3.794652,28.490907,11.11282,27.641657,1426.683544,20.353605,567912.0001,0.967535,25.456797,29.280214,2.793098,0.073751,0.050963,109.152338,86.822326,32,32,32,32,32,32,68.910476,68.667406,79.898993,100,26.479659,30.886076,66.532968,72.95611,0,42.958055,42.446257,0.210625,28.844444,96.63451,75.439988,0.377,0.879,0,0.3,0.809,0,0.084101,0.6509,0,-0.153,0.4,0,-0.03,0.8,0,-0.0018,0.26,0,0.02,0.8,0,-0.013,0.25,0,,1,40TonSpool,1,12.25.38-Fri.11.20.2020.csv
40.842816,64.754051,138.991218,152.141574,88.778038,92.64479,54.594165,14.361831,136.740688,4.622127,64.817168,41.364984,149.68924,138.422681,147.070926,136.094701,66.081232,134.675554,-0.064412,0.037712,32.02574,-235.689195,130.696021,4.383964,28.033701,10.962746,26.359896,1360.355933,19.652741,454875.3867,0.943957,34.68658,31.909678,3.403098,0.074099,0.051228,114.89446,92.118419,32,32,32,32,32,32,69.050235,68.862084,81.362912,100,20.561694,30.886076,44.074509,52.592127,0,36.958055,42.30227,0.210501,28.419639,93.36377,75.393316,0.377,0.879,0,0.3,0.809,0,0.084101,0.6509,0,-0.153,0.4,0,-0.03,0.8,0,-0.002411,0.224407,0,0.02,0.8,0,-0.013,0.25,0,,1,40TonSpool,1,12.54.40-Fri.11.20.2020.csv
33.102311,64.972105,138.607665,166.738209,73.174195,73.587603,54.599721,14.360061,136.588532,5.252464,65.2607,33.342433,162.734,138.356833,160.281794,136.585399,65.695126,136.219749,-0.065125,0.038392,32.02574,-235.690713,128.523088,4.996344,26.944101,10.650473,23.40911,1207.862723,18.709105,365436.7351,0.938274,44.992273,33.040962,4.187428,0.074593,0.051621,125.718355,100.682651,32,32,32,32,32,32,68.804638,69.184998,81.508658,100,19.459497,0,44.476582,72.978291,0,22.253165,75.022052,0.210357,27.431069,88.944012,75.331161,0.377,0.879,0,0.3,0.809,0,0.084101,0.6509,0,-0.153,0.4,0,-0.03,0.8,0,-0.002028,0.21215,0,0.02,0.8,0,-0.012,0.24,0,,1,40TonSpool,1,15.16.20-Fri.11.20.2020.csv
26.861982,65.332286,138.670783,182.916624,58.651839,57.908974,54.615277,14.364319,137.235528,4.173833,65.095018,26.824742,177.044033,138.792077,173.744284,137.325649,65.63617,137.024111,-0.063443,0.038637,32.02574,-235.686444,121.06663,3.964701,25.712967,10.209795,22.980572,1185.501822,17.257395,290418.8212,0.920182,54.953292,33.490365,5.16237,0.07516,0.051979,130.666894,107.233804,32,32,32,32,32,32,68.733275,69.469622,80.770476,100,18.991022,0,19.746835,74.161227,0,18.633257,74.783052,0.210053,26.23234,82.161409,75.392226,0.377,0.879,0,0.3,0.809,0,0.084101,0.6509,0,-0.153,0.4,0,-0.03,0.8,0,-0.0018,0.23,0,0.02,0.8,0,-0.012,0.22,0,,1,40TonSpool,1,16.01.32-Fri.11.20.2020.csv
21.352417,64.862096,139.366667,194.836005,44.43056,44.781595,54.685126,14.379993,137.585351,6.312496,64.903471,21.088753,185.580422,139.268507,180.163104,138.327721,90.400801,138.109374,-0.065799,0.037572,32.02574,-235.67102,125.594159,4.655879,24.62889,9.918995,22.257127,1146.632191,15.564137,206966.0757,0.901245,64.501444,9.245992,6.52634,0.074192,0.051459,118.206398,98.848212,32,32,32,32,32,32,69.553125,69.58019,76.381789,100,35.842814,0,35.367089,47.500036,0,30.506329,40.29901,0.210536,25.26516,73.924525,84.719165,0.377,0.879,0,0.3,0.809,0,0.084101,0.6509,0,-0.153,0.4,0,-0.03,0.8,0,-0.0018,0.23668,0,0.02,0.8,0,-0.013,0.21,0,,1,40TonSpool,1,17.31.09-Sat.11.21.2020.csv
16.785588,65.266572,139.58558,221.777059,33.456614,33.783062,54.68949,14.376454,137.867718,5.061042,64.898688,16.25098,208.687575,139.892537,201.103242,138.70121,90.144893,138.858375,-0.067098,0.037693,32.02574,-235.674195,123.985863,4.215946,23.372927,9.512993,21.639645,1114.730819,13.540567,158246.1223,0.872116,74.909646,9.859157,8.316055,0.073852,0.051146,138.913126,116.483035,32,32,32,32,32,32,70.049719,70.346922,76.204748,100,31.971281,0,27.367089,38.717149,0,24.506329,39.371887,0.21054,24.121674,64.319761,84.693672,0.377,0.879,0,0.3,0.809,0,0.084101,0.6509,0,-0.153,0.4,0,-0.03,0.8,0,-0.0018,0.239478,0,0.02,0.8,0,-0.013,0.21,0,,1,40TonSpool,1,18.00.08-Sat.11.21.2020.csv
54.535203,71.529995,99.337108,115.047724,134.470498,133.368812,54.719552,14.382141,92.32012,4.081378,71.669349,55.723666,114.175679,95.931744,112.098485,91.373892,53.171993,85.208308,-0.063955,0.037681,32.02574,-235.668341,102.923033,3.851334,20.415081,8.521262,22.404614,1153.477246,13.507649,689416.7178,1.00745,26.734904,16.418538,1.82154,0.074343,0.051434,98.306153,83.51599,32,32,32,32,32,32,70.022655,69.260117,61.56507,0,100,100,100,100,0,44.506329,55.025188,0.210802,21.313243,64.087953,84.746927,0.377,0.879,0,0.3,0.809,0,0.084101,0.6509,0,-0.153,0.4,0,-0.03,0.8,0,-0.0018,0.2,0,0.02,0.8,0,-0.013,0.21,0,,1,40TonSpool,1,19.28.30-Sat.11.21.2020.csv
60.367372,70.694367,162.024029,141.9849,140.261412,144.769685,54.498823,14.391127,157.476105,5.008359,70.864312,61.611936,140.719245,161.033968,138.847916,156.860559,98.327817,153.211104,-0.064243,0.037952,32.02574,-235.66009,152.100849,4.760454,32.644438,12.353992,30.972911,1601.156938,23.862659,617651.1839,0.978966,20.487979,8.263055,2.683845,0.074023,0.050903,111.633851,88.970497,32,32,32,32,32,32,70.430644,70.654579,86.796735,0,37.7423,31.367089,79.309494,62.019961,0,58.603924,64.229639,0.211046,32.874277,113.06937,84.717709,0.377,0.879,0,0.3,0.809,0,0.084101,0.6509,0,-0.153,0.4,0,-0.03,0.8,0,-0.005,0.18,0,0.02,0.8,0,-0.015,0.21,0,,1,40TonSpool,1,20.45.31-Sat.11.21.2020.csv
60.017213,70.246675,213.818741,169.25083,130.981162,132.196496,54.325109,14.393777,210.611161,8.574274,70.393562,60.783077,167.271868,214.518032,165.452889,211.109651,120.878323,209.250232,-0.062269,0.037774,32.02574,-235.657805,193.478797,8.20071,41.305822,14.962683,39.255307,2035.710264,28.038121,506863.6177,0.901517,20.353815,7.673427,3.562699,0.074291,0.05092,127.063153,100.503753,32,32,32,32,32,32,70.886065,71.38245,103.488373,79.746835,35.494836,0,66.886076,59.847095,0,56.608587,76.02861,0.211473,41.045788,132.599458,84.718177,0.377,0.879,0,0.3,0.809,0,0.084101,0.6509,0,-0.153,0.4,0,-0.03,0.8,0,-0.005,0.18,0,0.02,0.8,0,-0.015,0.25,0,,1,40TonSpool,1,21.21.33-Sat.11.21.2020.csv
48.966109,59.658509,98.763922,109.713392,126.01755,123.036358,54.733849,14.285305,92.967956,3.896738,59.730586,50.631937,109.012103,95.76294,107.358667,91.941457,53.924666,86.897476,-0.061305,0.037963,32.02574,-235.76551,101.93709,3.678184,21.08961,8.743562,14.130739,727.334512,14.327882,618420.5267,1.013937,20.46906,16.821232,2.017031,0.073637,0.051356,95.091016,76.664242,32,32,32,32,32,32,68.404589,68.576413,60.998601,0,100,66.126582,130.677114,99.977742,0,47,52.214905,0.210454,21.946381,68.090636,84.776977,0.377,0.879,0,0.3,0.809,0,0.084101,0.6509,0,-0.153,0.4,0,-0.03,0.8,0,-0.005,0.18,0,0.02,0.8,0,-0.015,0.25,0,,1,40TonSpool,1,17.44.01-Mon.11.23.2020.csv
45.690922,55.861418,97.615698,110.515113,117.890592,113.839115,54.720436,14.283963,92.481523,4.086206,55.895692,46.984295,109.728811,94.750822,107.927817,91.517711,54.112061,87.367843,-0.062926,0.038013,32.02574,-235.766824,100.64179,3.856149,21.22339,8.794738,21.016964,1082.113436,14.325006,568086.2184,1.002135,20.196057,16.949099,2.136332,0.074562,0.052237,94.97599,76.361486,32,32,32,32,32,32,68.626614,68.681402,61.207407,0,100,60,74.936709,73.024734,0,46,55.438516,0.210671,22.078634,67.998092,84.780197,0.377,0.879,0,0.3,0.809,0,0.084101,0.6509,0,-0.153,0.4,0,-0.03,0.8,0,-0.01,0.15,0,0.02,0.8,0,-0.015,0.25,0,,1,40TonSpool,1,18.12.36-Mon.11.23.2020.csv
41.068402,49.44498,96.388092,111.657982,110.931784,101.631375,54.711796,14.28031,91.862821,4.316969,49.323268,42.142366,110.733667,93.73426,108.955979,90.941728,54.183203,87.994651,-0.06315,0.037927,32.02574,-235.770141,99.446711,4.076496,21.255578,8.815564,20.676636,1064.702992,14.321849,501291.7171,0.988328,19.098482,17.301573,2.346891,0.074522,0.052294,96.507459,76.865889,32,32,32,32,32,32,69.035466,68.75203,61.414208,0,100,46.253165,90.2,74.141449,0,46,47.55743,0.211269,22.112711,67.789871,84.774415,0.377,0.879,0,0.3,0.809,0,0.084101,0.6509,0,-0.153,0.4,0,-0.03,0.8,0,-0.01,0.15,0,0.02,0.8,0,-0.015,0.25,0,,1,40TonSpool,1,18.50.26-Mon.11.23.2020.csv
55.480024,53.249444,103.207706,96.667919,149.548951,145.251917,54.713751,14.282173,96.503488,4.307271,53.329219,57.474511,96.406736,99.859365,95.314737,95.414899,55.146531,87.87699,-0.061405,0.037742,32.02574,-235.768313,106.285029,4.068253,21.304449,8.808868,18.080054,931.004831,14.434323,709764.7621,1.024237,7.560338,16.258205,1.860271,0.074893,0.052673,89.03787,71.434238,32,32,32,32,32,32,68.971663,68.900546,61.764552,0,100,100,100,100,0,57.176412,48.300081,0.211237,22.159291,68.335178,84.769133,0.377,0.879,0,0.3,0.809,0,0.084101,0.6509,0,-0.153,0.4,0,-0.03,0.8,0,-0.01,0.15,0,0.02,0.8,0,-0.015,0.25,0,,1,40TonSpool,1,19.17.07-Mon.11.23.2020.csv
