OSU 80 -Ton Compressor Load Stand,,,,,,,,,,,,,,,,,,,,,,,,,,,,,,,,,,,,,,,,,,,,,,,,,,,,,,,,,,,,,,,,,,,,,,,,,,,,,,,,,,,,
75TonScrew,,,,,,,,,,,,,,,,,,,,,,,,,,,,,,,,,,,,,,,,,,,,,,,,,,,,,,,,,,,,,,,,,,,,,,,,,,,,,,,,,,,,
J Singleton,,,,,,,,,,,,,,,,,,,,,,,,,,,,,,,,,,,,,,,,,,,,,,,,,,,,,,,,,,,,,,,,,,,,,,,,,,,,,,,,,,,,
Measured on:,,,,,,,,,,,,,,,,,,,,,,,,,,,,,,,,,,,,,,,,,,,,,,,,,,,,,,,,,,,,,,,,,,,,,,,,,,,,,,,,,,,,
Monday, February 24,2020,,,,,,,,,,,,,,,,,,,,,,,,,,,,,,,,,,,,,,,,,,,,,,,,,,,,,,,,,,,,,,,,,,,,,,,,,,,,,,,,,,
9:21:58 AM,,,,,,,,,,,,,,,,,,,,,,,,,,,,,,,,,,,,,,,,,,,,,,,,,,,,,,,,,,,,,,,,,,,,,,,,,,,,,,,,,,,,
Test Comments:,,,,,,,,,,,,,,,,,,,,,,,,,,,,,,,,,,,,,,,,,,,,,,,,,,,,,,,,,,,,,,,,,,,,,,,,,,,,,,,,,,,,
,,,,,,,,,,,,,,,,,,,,,,,,,,,,,,,,,,,,,,,,,,,,,,,,,,,,,,,,,,,,,,,,,,,,,,,,,,,,,,,,,,,,
Measurements:,,,,,,,,,,,,,,,,,,,,,,,,,,,,,,,,,,,,,,,,,,,,,,,,,,,,,,,,,,,,,,,,,,,,,,,,,,,,,,,,,,,,
Psuc,Tsuc,Pdis,Tdis,Msuc,Mdis,Speed,Pamb,Poil,Moil,Tsuc2,Psuc2,Tdis2,Pdis2,T04,P04,T05,P05,M03,M04,T07,P07,Poil2,Moil2,Power,eta_is,Q_dot,eta_vol,DT_sup,DT_sub,Pressure Ratio,x_acc,y_acc,Toil,Tbox,Tm4,Tm5,Tm6,Tm7,Tm8,Tm9,Tamb,Twi,Twe,Bypass Position,Water Pump Speed,LG,MG,SG,LL,ML,SL,Speed2,Power2,eta_is_2,VFD_out,Kc_LG,Ti_LG,Td_LG,Kc_MG,Ti_MG,Td_MG,Kc_SG,Ti_SG,Td_SG,Kc_LL,Ti_LL,Td_LL,Kc_ML,Ti_ML,Td_ML,Kc_SL,Ti_SL,Td_SL,Kc_WVB,Ti_WVB,Td_WVB,Kc_WVI,Ti_WVI,Td_WVI,,,,,
psia,F,psia,F,lbm/min,lbm/min,Hz,psia,psia,lbm/min,F,psia,F,psia,F,psia,F,F,lb/min,lb/min,F,psia,psia,lbm/min,kW,,Btu/h,,F,F,,g,g,F,F,F,F,F,F,F,F,F,F,F,,Hz,,,,,,,Hz,kW,,Hz,,min,min,,min,min,,min,min,,min,min,,min,min,,min,min,,min,min,,min,min,Purpose of Test, Test Request Number, Build Number, Steady (1 yes 0 no),Raw Data File
46.035956,46.916848,96.442244,105.468786,97.016357,96.338596,132.155475,14.07592,93.909401,9.708667,47.059604,45.978035,32.03132,96.77317,102.127999,95.117696,53.624472,92.373986,-0.037038463,0.037984,70.424044,59.001391,90.490594,8.627359,22.245665,0.49581,NaN,Inf,11.61918,19.524973,2.216055,0.076253,0.072622,32,71.533137,32,32,32,32,32,32,68.760447,55.05776,63.711815,83.049856,37.808344,56.021569,84.244391,81.337111,10.719097,14.45789,20,132.155475,-83.220555,,110.74772,0,0,0,0.377,5.36,0,0.091203,0.879,0,0,0,0,-0.153,7.656,0,-0.287,0.5,0,0.15,1.2,0,-0.0561,0.37,0,,75TonScrew,1,1,09.21.57-Mon.02.24.2020.csv
54.222935,57.482357,73.444899,87.669328,56.747219,53.834328,122.007266,14.111009,71.881814,2.549032,54.472135,53.950445,32.03132,73.147595,84.637973,71.785967,48.317181,70.419661,0.009005276,0.04314,74.794713,71.312554,71.502848,1.553977,7.301585,0.326524,NaN,Inf,13.26186,9.387241,1.360804,0.080597,0.077014,32,74.652058,32,32,32,32,32,32,68.85315,53.744987,53.685739,100,30.379747,62.025316,88.607595,84.556962,12.379747,20.670886,20,122.007266,78.63182,,71.742357,0,0,0,0.377,5.36,0,0.091203,0.879,0,0,0,0,-0.153,7.656,0,-0.287,0.5,0,0.15,1.2,0,-0.0561,0.37,0,,1,75TonScrew,1,12.04.20-Mon.02.24.2020.csv
49.776679,49.120974,199.484487,163.366343,176.89175,165.019002,148.755366,14.480096,196.697379,21.948676,48.60035,49.896174,32.03132,202.679035,161.55494,199.870903,108.132049,195.437829,-0.068342591,0.037865,93.633372,66.265092,190.248176,0.362585,36.12466772,1.024757529,638836.9761,0.863095829,9.086223,15.463012,4.007803,0.07068,0.066698,32,78.94045,32,32,32,32,32,32,70.258845,78.162679,99.233534,68.377835,60.722133,43.329114,50.583017,65.407803,36.962025,31.949367,30.93195,148.755366,113.097185,,149.592459,0,0,0,0.377,5.36,0,0.091203,0.879,0,0,0,0,-0.153,7.656,0,-0.287,0.5,0,0.15,1.2,0,-0.0561,0.37,0,,1,75TonScrew,1,10.45.08-Wed.02.26.2020.csv
49.953717,49.123435,199.190932,162.485793,171.99308,178.027589,158.790817,14.482538,196.286812,21.275356,48.546404,50.080674,32.03132,202.335866,160.812324,199.427212,108.151777,194.354115,-0.068482968,-0.413598,101.012418,66.003138,189.912092,0.386518,38.42132426,1.035064831,688876.2004,0.868776314,8.902444,15.04312,3.987444,0.072172,0.068352,32,81.034043,32,32,32,32,32,32,70.437697,79.140835,97.214344,36.185035,77.003513,43.329114,50.583017,78.705275,36.962025,35.949367,43.251153,158.790817,114.13152,,159.32655,0,0,0,0.377,5.36,0,0.091203,0.879,0,0,0,0,-0.153,7.656,0,-0.287,0.5,0,0.15,1.2,0,-0.0561,0.37,0,,1,75TonScrew,1,11.57.30-Wed.02.26.2020.csv
49.451593,49.201678,199.912723,162.928762,199.109252,188.334504,168.821606,14.468457,196.845613,21.644167,48.78174,49.635928,32.03132,202.901004,161.342454,199.921468,109.049218,194.273391,-0.06735995,-1.482037,90.421705,64.668381,190.420002,-0.022555,40.73062519,1.045200768,726410.6823,0.874512176,9.505329,14.113731,4.042887,0.0739,0.069942,32,81.457144,32,32,32,32,32,32,70.58971,81.745577,94.77737,-94.927673,99.994153,45.329114,58.183017,73.77708,39.962025,40.949367,40.428797,168.821606,115.524143,,169.230543,0,0,0,0.377,5.36,0,0.091203,0.879,0,0,0,0,-0.153,7.656,0,-0.287,0.5,0,0.15,1.2,0,-0.0561,0.37,0,,1,75TonScrew,1,13.27.12-Wed.02.26.2020.csv
49.74195,49.147024,199.018169,161.17299,210.309401,202.751875,178.847622,14.384521,196.008256,19.604738,48.945873,50.083545,32.03132,201.85796,159.602858,198.70427,117.725348,191.085363,-0.068202213,0.038015,91.969516,64.402184,188.976214,18.781057,42.33190569,1.073208727,747793.5027,0.882709,9.145112,4.251981,4.001012,0.064439,0.061824,32,80.031299,32,32,32,32,32,32,70.203271,70.863801,94.308042,81.265823,31.547479,51.151899,66.329114,59.812275,44.962025,44.392405,45.829594,178.847621,116.582038,,179.274874,0,0,0,0.377,5.36,0,0.091203,0.879,0,0,0,0,-0.153,7.656,0,-0.287,0.381267,0,0.15,1.2,0,-0.0561,0.336983,0,,1,75TonScrew,1,10.38.11-Thu.02.27.2020.csv
49.645268,48.947969,199.210595,160.562022,224.449047,214.931139,188.887122,14.379967,196.121993,19.568359,48.599435,50.08567,32.03132,201.955587,159.035193,198.710877,118.659793,189.997142,-0.066658064,0.037948,95.084895,63.721825,189.139492,18.779949,44.68072675,1.079869091,788436.4699,0.887446,9.046177,2.908333,4.012656,0.072113,0.069043,32,80.870432,32,32,32,32,32,32,70.238383,71.854865,92.673485,65.316456,46.491546,51.151899,66.329114,69.878608,47.962025,47.392405,69.028422,188.887122,117.413562,,189.223183,0,0,0,0.377,5.36,0,0.091203,0.879,0,0,0,0,-0.153,7.656,0,-0.287,0.35432,0,0.15,1.2,0,-0.0561,0.29,0,,1,75TonScrew,1,11.11.28-Thu.02.27.2020.csv
49.778628,48.913847,199.134867,160.173879,239.350407,228.184298,198.90366,14.354848,195.93752,19.605964,48.269881,50.328401,32.03132,201.754121,158.648805,198.394621,118.644469,188.326729,-0.067500327,-1.79165,95.32432,63.399053,188.901493,18.826913,47.80891431,1.068555636,836694.2182,0.891921,8.871505,2.293523,4.00034,0.071966,0.06873,32,81.376798,32,32,32,32,32,32,70.479499,69.876376,91.840996,52.151899,16.434948,51.151899,71.779114,78.797829,56.962025,53.810127,46.968443,198.903659,118.822845,,199.297496,0,0,0,0.377,5.36,0,0.091203,0.879,0,0,0,0,-0.153,7.656,0,-0.287,0.210256,0,0.15,1.2,0,-0.0561,0.33,0,,1,75TonScrew,1,13.45.05-Thu.02.27.2020.csv
50.207889,48.894886,198.684615,158.988386,253.423319,243.097723,208.906428,14.338373,195.070526,19.480792,48.084644,50.914787,32.03132,201.065015,157.510334,197.448764,118.221089,185.861314,-0.067219573,-1.827144,93.117454,63.114173,188.16903,18.712543,50.290966,1.072215273,892400.7516,0.896078,8.419161,1.7755,3.957186,0.078363,0.074442,32,81.50477,32,32,32,32,32,32,70.281496,71.180945,89.276757,39.493671,55.271971,51.151899,79.692295,88.049643,63.962025,59.398881,64.326789,208.906429,119.692768,,209.171436,0,0,0,0.377,0.8,0,0.091203,0.879,0,0,0,0,-0.153,0.2,0,-0.287,0.25,0,0.15,1.2,0,-0.0561,0.33,0,,1,75TonScrew,1,14.42.34-Thu.02.27.2020.csv
49.88429,48.58267,199.382414,163.467554,166.626154,165.209963,148.755226,14.229857,190.601922,18.960887,48.115109,49.867414,162.148617,201.204631,160.281205,193.327439,116.697948,186.96232,-0.068342591,0.038453,96.909771,66.235989,184.053423,17.755738,36.10589538,1.022424727,611064.7769,0.860727,8.430445,3.722171,3.996934,0.065052,0.058404,32,126.149834,32,32,32,32,32,32,69.760847,62.829815,107.64557,100,26.990667,42.088608,39.972397,40.815971,52.379747,52.093069,52.379747,148.755226,113.070336,,149.277318,0.377,0.879,0,0.377,0.879,0,0.091203,0.879,0,-0.153,0.4,0,-0.153,0.4,0,-0.287,0.5,0,0.15,1.2,0,-0.0561,0.37,0,,1,75TonScrew,1,13.10.40-Mon.03.09.2020.csv
49.799595,48.594951,199.268511,163.345177,166.446053,165.012882,148.76633,14.229428,190.560881,18.951222,48.09967,49.773919,162.053269,201.105646,160.181803,193.2755,116.689386,186.877388,-0.066377309,0.038454,95.402198,66.082087,183.977051,17.728086,36.08612013,1.022941091,610502.4183,0.861249,8.536169,3.696421,4.001428,0.065095,0.058605,32,125.206813,32,32,32,32,32,32,69.856474,62.565439,107.796543,100,26.501356,42.088608,39.963854,40.815971,52.379747,52.029826,52.379747,148.766329,112.968053,,149.303851,0.377,0.879,0,0.377,0.879,0,0.091203,0.879,0,-0.153,0.4,0,-0.183693,0.4,0,-0.287,0.5,0,0.15,1.2,0,-0.0561,0.37,0,,1,75TonScrew,1,13.13.22-Mon.03.09.2020.csv
49.803847,48.786671,199.400874,163.411045,166.09557,164.957187,148.796448,14.229204,190.710372,18.984981,48.358086,49.765792,162.093091,201.233277,160.19357,193.390628,116.742499,187.046603,-0.068623345,0.038523,95.44484,66.073803,184.061472,17.80558,36.09521988,1.023242182,610523.7393,0.861183,8.718153,3.70873,4.003598,0.064877,0.058515,32,124.738179,32,32,32,32,32,32,69.913042,62.561603,107.479919,100,26.380213,42.088608,39.964623,40.815971,52.379747,51.98915,52.379747,148.796447,113.055618,,149.319223,0.377,0.879,0,0.377,0.879,0,0.091203,0.879,0,-0.153,0.4,0,-0.253,0.4,0,-0.287,0.5,0,0.15,1.2,0,-0.0561,0.37,0,,1,75TonScrew,1,13.16.03-Mon.03.09.2020.csv
49.816652,49.0113,199.480711,163.520431,166.222232,164.949323,148.75173,14.229881,190.8583,19.004095,48.609238,49.797315,162.188592,201.343751,160.283404,193.528987,116.815378,187.179479,-0.069746363,0.038457,94.262824,66.122315,184.160312,17.796026,36.10593388,1.023728,610742.1232,0.86171,8.931792,3.688159,4.004237,0.064734,0.058442,32,124.527534,32,32,32,32,32,32,69.737789,62.674521,107.13706,100,26.765053,42.088608,39.963357,40.815971,52.379747,51.966139,52.379747,148.75173,113.033808,,149.273148,0.377,0.879,0,0.377,0.879,0,0.091203,0.879,0,-0.153,0.4,0,-0.253,0.4,0,-0.287,0.5,0,0.15,1.2,0,-0.0561,0.37,0,,1,75TonScrew,1,13.18.50-Mon.03.09.2020.csv
49.767299,48.867289,199.29771,163.43299,166.102138,164.95368,148.797904,14.230419,190.688538,18.964945,48.368548,49.748222,162.12989,201.160319,160.246708,193.364847,116.731735,187.011886,-0.069044477,0.038301,94.372822,66.051412,184.03593,17.695607,36.0869795,1.024109091,610771.0949,0.861995,8.84035,3.706633,4.004607,0.065004,0.058177,32,124.183573,32,32,32,32,32,32,69.721415,62.677275,107.07172,100,26.862072,42.088608,39.966528,40.815971,52.379747,51.948427,52.379747,148.797903,112.998069,,149.369417,0.377,0.879,0,0.377,0.879,0,0.091203,0.879,0,-0.153,0.4,0,-0.253,0.4,0,-0.287,0.5,0,0.15,1.2,0,-0.0561,0.37,0,,1,75TonScrew,1,13.22.04-Mon.03.09.2020.csv
49.752063,49.093022,199.353565,163.543578,165.86715,164.750207,148.776474,14.231107,190.725023,18.978663,48.687759,49.734375,162.234247,201.217517,160.33579,193.391959,116.738751,187.075497,-0.0689041,0.038224,93.362282,66.025254,184.0325,17.767333,36.08053075,1.024210909,610502.7552,0.861937,9.080451,3.724633,4.006905,0.062373,0.056358,32,123.777648,32,32,32,32,32,32,69.846131,62.667773,107.265324,100,26.282436,42.088608,39.991099,40.815971,52.379747,51.922468,52.379747,148.776473,113.026132,,149.285743,0.377,0.879,0,0.377,0.879,0,0.091203,0.879,0,-0.153,0.4,0,-0.253,0.4,0,-0.287,0.5,0,0.15,1.2,0,-0.0561,0.37,0,,1,75TonScrew,1,13.34.35-Mon.03.09.2020.csv
49.735186,49.072413,199.388711,163.544493,166.087306,164.667237,148.774158,14.230778,190.737683,18.986591,48.690595,49.710363,162.230344,201.26926,160.315482,193.39481,116.736071,187.069913,-0.068623345,0.037671,92.946075,65.997797,184.053365,17.802091,36.085764,1.023892364,610172.1214,0.861782,9.075058,3.731024,4.009007,0.060306,0.054613,32,123.6831,32,32,32,32,32,32,69.893964,62.353441,107.142457,100,25.61236,42.088608,40.016139,40.815971,52.379747,51.923502,52.379747,148.774158,113.043939,,149.317728,0.377,0.879,0,0.377,0.879,0,0.091203,0.879,0,-0.153,0.4,0,-0.253,0.4,0,-0.287,0.5,0,0.15,1.2,0,-0.0561,0.37,0,,1,75TonScrew,1,13.37.18-Mon.03.09.2020.csv
49.545987,49.740889,199.340271,163.532745,178.286451,176.150862,158.77262,14.249491,190.088126,18.979751,49.433603,49.589277,162.267053,201.114192,160.338386,192.71358,116.245284,185.535607,-0.068482968,0.038123,100.951246,65.305636,183.404576,17.923807,38.436827,1.033853091,656136.2419,0.869181,9.945454,3.629054,4.023418,0.062464,0.057593,32,123.24291,32,32,32,32,32,32,70.15625,63.545858,106.528448,100,29.269445,44.088608,45.819794,41.815971,56.379747,53.090276,56.379747,158.772619,114.232539,,159.105741,0.377,0.879,0,0.377,0.879,0,0.091203,0.879,0,-0.153,0.4,0,-0.553,0.2,0,-0.287,0.5,0,0.15,1.2,0,-0.0561,0.37,0,,1,75TonScrew,1,15.27.24-Mon.03.09.2020.csv
49.636012,49.373134,199.365521,163.082984,179.286732,176.738657,158.793704,14.258482,190.097212,18.965887,48.997653,49.684601,161.852784,201.11338,159.938631,192.724904,116.323287,185.436245,-0.067500327,0.038436,101.434818,65.422348,183.450141,17.88422,38.45481681,1.033988364,657076.9123,0.869255,9.483942,3.513481,4.016626,0.062577,0.057455,32,123.084313,32,32,32,32,32,32,70.128684,63.389534,106.565662,100,29.256051,44.088608,45.917569,41.815971,57.282688,55.527432,58.190041,158.793705,114.250716,,159.137994,0.377,0.879,0,0.377,0.879,0,0.091203,0.879,0,-0.153,0.4,0,-0.553,0.717206,0,-0.287,0.5,0,0.15,1.2,0,-0.0561,0.37,0,,1,75TonScrew,1,15.48.24-Mon.03.09.2020.csv
49.55003,49.424771,199.142241,161.75423,202.800306,189.106875,168.823216,14.421255,189.346961,18.895645,48.915425,49.778949,160.509959,200.658497,158.503796,191.820257,115.713913,183.664643,-0.06735995,0.038196,75.249744,64.576665,182.666004,17.627312,40.60801594,1.048654545,705456.3734,0.876671,9.626061,3.438981,4.019137,0.064321,0.059654,32,118.34162,32,32,32,32,32,32,70.036316,68.311039,105.434548,100,36.161554,43.037975,49.589511,53.101266,60.746835,58.607538,60.708861,168.823216,115.178501,,169.240681,0.377,0.879,0,0.577,0.779,0,0.091203,0.879,0,-0.153,0.4,0,-0.253,0.8,0,-0.287,0.5,0,0.15,1.2,0,-0.0561,0.37,0,,1,75TonScrew,1,11.27.30-Tue.03.10.2020.csv
49.679448,49.184188,199.139473,161.64895,202.814905,189.706136,168.823528,14.421322,189.518741,18.000052,48.635104,49.898377,160.400482,200.673469,158.421426,191.864951,115.705789,183.710324,-0.0689041,0.037331,78.847208,64.70615,183.505412,15.569753,40.64679713,1.047733818,706939.7576,0.876295,9.248378,3.466669,4.008463,0.064169,0.059669,32,119.890463,32,32,32,32,32,32,70.037801,68.222247,105.297502,100,35.934858,43.037975,49.927856,53.101266,60.746835,58.630662,60.708861,168.823529,115.298199,,169.218183,0.377,0.879,0,0.577,0.779,0,0.091203,0.879,0,-0.153,0.4,0,-0.253,0.8,0,-0.287,0.5,0,0.15,1.2,0,-0.0561,0.37,0,,1,75TonScrew,1,11.53.09-Tue.03.10.2020.csv
49.722716,48.973849,199.090071,161.474215,202.993853,189.97006,168.83849,14.422604,189.621942,17.123868,48.368896,49.921107,160.234839,200.640907,158.270833,191.903586,115.717882,183.695096,-0.068623345,0.036417,84.244203,64.749277,183.989822,12.950511,40.63914388,1.047685818,707295.2127,0.876091,8.993655,3.445348,4.004015,0.064272,0.060012,32,120.520462,32,32,32,32,32,32,70.125215,67.979972,105.429606,100,35.786017,43.037975,50.092289,53.101266,60.746835,58.596308,60.708861,168.838489,115.286426,,169.210854,0.377,0.879,0,0.577,0.779,0,0.091203,0.879,0,-0.153,0.4,0,-0.253,0.8,0,-0.287,0.5,0,0.15,1.2,0,-0.0561,0.37,0,,1,75TonScrew,1,11.56.23-Tue.03.10.2020.csv
49.763061,49.125593,199.399312,156.453111,158.000865,163.108915,148.609546,14.312323,190.424348,15.859036,40.634713,49.891558,155.15023,201.774942,152.954234,192.799703,107.218437,186.424022,-0.067500327,0.030951,88.983406,66.441149,185.75419,-0.211425,40.71598094,0.898645818,634036.8088,0.854204,9.102628,12.99508,4.007246,0.058791,0.052261,32,108.027789,32,32,32,32,32,32,70.140045,67.742233,98.981555,100,41.029649,39.037975,40.221195,43.890581,56.012658,57.739864,40.001409,148.609545,123.324026,,150.510202,0.377,0.879,0,0.377,0.879,0,0.091203,0.879,0,-0.153,0.4,0,-0.153,0.315308,0,-0.287,0.5,0,0.15,1.2,0,-0.0561,0.37,0,new oil line,1,75TonScrew,1,16.38.37-Tue.03.17.2020.csv
49.717694,48.995187,199.374659,163.4703,165.756552,164.266578,148.734334,14.320294,190.815096,16.223149,48.739878,49.710993,161.823332,201.838689,159.683603,192.767049,108.882126,187.212763,-0.065956177,0.031063,89.302131,65.792555,185.79747,5.762339,36.55625188,1.008318545,633154.0164,0.860079,9.018673,11.631955,4.010176,0.058141,0.051442,32,107.216058,32,32,32,32,32,32,69.665974,64.478813,102.121568,63.281806,29.015932,43.050633,43.322847,36.509402,43.531646,41.390627,41.903018,148.734334,113.801089,,149.397257,0.377,0.879,0,0.377,0.679,0,0.091203,0.879,0,-0.153,0.4,0,-0.153,0.15,0,-0.287,0.5,0,0.15,1.2,0,-0.0561,0.37,0,,1,75TonScrew,1,10.39.42-Mon.03.23.2020.csv
49.808202,49.03128,199.396259,163.742285,165.897316,164.366803,148.727966,14.320579,190.595985,16.373413,48.743145,49.734061,162.140685,201.813935,160.029233,192.618495,108.551837,187.113658,-0.064973537,0.031123,89.541215,65.917136,185.586429,7.096741,36.55649044,1.007490909,634541.8528,0.858973,8.961297,11.925622,4.003369,0.058184,0.051233,32,110.642176,32,32,32,32,32,32,69.707855,64.864549,102.094788,63.281806,29.342733,43.050633,43.322898,36.26793,43.531646,41.351892,37.070683,148.727966,113.93094,,149.285718,0.377,0.879,0,0.377,0.679,0,0.091203,0.879,0,-0.153,0.4,0,-0.153,0.15,0,-0.287,0.5,0,0.15,1.2,0,-0.0561,0.37,0,,1,75TonScrew,1,11.06.52-Mon.03.23.2020.csv
49.856198,48.724521,199.157074,162.241951,190.607329,177.53573,158.78166,14.322339,189.663895,16.335905,48.236168,49.86616,160.657019,201.38704,158.49825,191.664566,109.177083,185.172483,-0.066517686,0.030949,97.223706,65.571034,184.73649,7.113961,38.92306688,1.019296,682432.5357,0.867375,8.602637,10.554716,3.994591,0.060793,0.05377,32,112.630344,32,32,32,32,32,32,69.715066,65.067832,102.008275,63.281806,32.763622,43.050633,43.322898,47.551299,43.531646,50.126582,46.492965,158.781661,115.108773,,159.190138,0.377,0.879,0,0.377,0.679,0,0.091203,0.879,0,-0.153,0.4,0,-0.153,0.15,0,-0.287,0.5,0,0.15,1.2,0,-0.0561,0.37,0,,1,75TonScrew,1,11.43.26-Mon.03.23.2020.csv
49.749685,49.059872,199.137954,161.400178,195.56341,189.699345,168.78256,14.16234,189.076041,16.418176,48.818939,49.872611,159.862406,201.227969,157.668195,190.998203,113.580793,179.734283,-0.069605986,0.03063,80.47286,64.70402,183.976223,7.942266,41.19081863,1.032138182,714064.1499,0.874784,9.04747,4.041253,4.002741,0.063712,0.056963,32,110.197488,32,32,32,32,32,32,69.09067,64.960854,105.12555,100,32.922954,45.822785,45.56962,41.652015,80.734177,92.073371,76.363495,168.78256,116.035233,,169.371804,0.377,0.879,0,0.377,0.679,0,0.091203,0.879,0,-0.153,0.4,0,-0.153,0.15,0,-0.287,0.5,0,0.15,1.2,0,-0.0561,0.37,0,,1,75TonScrew,1,13.15.00-Wed.03.25.2020.csv
49.704235,49.033675,199.232143,160.589855,214.045837,202.781867,178.809278,14.151947,188.422026,16.24502,48.654283,49.913852,159.110379,201.110697,156.857282,190.234232,111.923294,176.873717,-0.067219573,0.030685,86.740295,63.983102,183.434298,6.424071,42.93957938,1.059834182,769625.2116,0.883515,9.071009,4.573176,4.008311,0.066807,0.060602,32,112.456235,32,32,32,32,32,32,69.127032,66.282903,105.071143,100,36.47317,45.822785,47.56962,53.08241,85.734177,91.122152,75.723238,178.809279,117.554746,,179.44795,0.377,0.879,0,0.377,0.679,0,0.091203,0.879,0,-0.153,0.4,0,-0.153,0.15,0,-0.287,0.5,0,0.15,1.2,0,-0.0561,0.37,0,,1,75TonScrew,1,13.54.11-Wed.03.25.2020.csv
49.734641,49.333123,199.287178,158.713233,231.049853,216.525776,188.875928,14.137664,188.025785,16.4891,48.983336,49.990528,157.341093,201.199954,155.009012,189.780879,110.625981,177.481476,-0.065956177,0.030913,90.164254,63.380003,182.876489,8.058339,44.68639175,1.087696,827966.8432,0.893235,9.340383,6.117129,4.00698,0.072215,0.064452,32,111.426175,32,32,32,32,32,32,69.102024,67.154137,103.234283,100,40.540056,45.822785,51.56962,66.807986,81.253165,70.379747,85.167522,188.875927,117.358379,,189.181537,0.377,0.879,0,0.377,0.679,0,0.091203,0.879,0,-0.153,0.4,0,-0.153,0.15,0,-0.287,0.5,0,0.15,1.2,0,-0.0561,0.37,0,,1,75TonScrew,1,15.02.18-Wed.03.25.2020.csv
49.812245,48.69103,199.303978,157.057582,242.400979,231.027262,198.915986,14.131844,187.399533,16.398609,48.398974,50.205456,155.692626,201.000374,153.258493,189.075354,110.270987,173.49756,-0.063429387,0.030588,90.796229,62.917153,182.32855,6.591284,47.78783213,1.081706182,882763.3369,0.901817,8.62256,4.874484,4.001155,0.074597,0.067074,32,111.251732,32,32,32,32,32,32,69.22977,67.789513,102.790789,100,44.566089,45.822785,56.56962,74.911004,86.253165,100.613618,79.56967,198.915986,118.687569,,199.348872,0.377,0.879,0,0.377,0.679,0,0.091203,0.879,0,-0.153,0.4,0,-0.153,0.15,0,-0.287,0.5,0,0.15,1.2,0,-0.0561,0.37,0,,1,75TonScrew,1,15.30.17-Wed.03.25.2020.csv
49.824943,49.136808,199.421195,164.099468,170.040931,163.330899,148.764254,14.141519,196.385973,1.040646,48.874697,49.787733,162.250661,201.7868,160.667805,196.833016,98.125938,193.053592,-0.068623345,0.038359,93.72229,66.418646,196.814678,21.275222,12.292677,2.977858747,663166.2658,0.853316,9.050248,24.587911,4.002501,0.070331,0.053383,32,90.35862,32,32,32,32,32,32,69.306347,63.181711,104.011678,100,27.581761,42.78481,46.690531,42.170947,32.544304,33.145462,30.64514,148.764255,61.872468,,149.330894,0.377,0.879,0,0.377,0.879,0,0.091203,0.879,0,-0.153,0.4,0,-0.153,0.25,0,-0.287,0.5,0,0.15,1.2,0,-0.0561,0.37,0,,1,75TonScrew,1,14.21.13-Thu.04.23.2020.csv
49.821685,49.139173,199.148709,163.913857,183.877765,175.392546,158.782772,14.135006,195.696459,0.44814,48.860765,49.77455,162.16775,201.653326,160.691498,196.202736,99.134484,191.897749,-0.068623345,0.038211,108.329649,65.953181,196.180922,21.20959,39.011443,1.006566031,708772.1638,0.858574,9.056316,23.146972,3.997182,0.072941,0.055715,32,92.886811,32,32,32,32,32,32,69.212569,63.996928,103.748788,100,30.895619,41.78481,51.690531,51.695083,34.544304,33.145462,42.905451,158.782772,66.412737,,159.639115,0.377,0.879,0,0.377,0.879,0,0.091203,0.879,0,-0.153,0.4,0,-0.153,0.25,0,-0.287,0.4729,0,0.15,1.2,0,-0.0561,0.37,0,,1,75TonScrew,1,15.39.10-Thu.04.23.2020.csv
49.813795,49.24711,199.162547,163.301516,192.386004,187.570408,168.819204,14.122077,195.122447,0.005277,48.943212,49.786495,161.650206,201.504211,160.121422,195.601077,101.405482,190.601833,-0.067921459,0.037788,95.23009,65.289176,195.560616,21.111616,40.165949,1.046082635,750157.8392,0.864,9.171121,20.390204,3.998149,0.074825,0.057748,32,93.949752,32,32,32,32,32,32,68.952459,64.32609,102.92235,100,33.88956,41.78481,51.690531,63.834325,37.544304,34.145462,44.317917,168.819203,70.985168,,170.121732,0.377,0.879,0,0.377,0.879,0,0.091203,0.879,0,-0.153,0.4,0,-0.153,0.25,0,-0.287,0.502931,0,0.15,1.2,0,-0.0561,0.37,0,,1,75TonScrew,1,16.36.30-Thu.04.23.2020.csv
49.721229,49.086116,199.111475,162.678413,197.928832,199.944432,178.832266,14.171252,194.175563,2.284788,48.419615,49.915761,161.116716,200.985262,159.421601,194.414745,110.124772,187.500986,-0.06735995,0.037955,78.616277,64.288507,194.379332,21.231528,41.964722,1.06831167,766196.2672,0.870816,9.107419,10.500148,4.004519,0.072845,0.058181,32,88.202432,32,32,32,32,32,32,69.169409,66.166826,103.638002,100,37.623433,48.873418,68.607595,34.822446,48.101266,45.72084,66.576488,178.832265,75.157674,,180.020524,0.377,0.879,0,0.377,0.879,0,0.091203,0.879,0,-0.153,0.4,0,-0.153,0.25,0,-0.287,0.55,0,0.15,1.2,0,-0.0561,0.37,0,,1,75TonScrew,1,10.00.05-Tue.04.28.2020.csv
49.70743,49.040228,199.283214,161.492821,213.058618,212.530562,188.886874,14.165007,193.526314,1.840586,48.029041,49.958731,159.979358,200.9652,158.192179,193.783845,110.37758,185.645191,-0.065956177,0.038311,92.747785,63.737537,193.66657,21.183375,44.961826,1.0606733,813230.5311,0.876531,9.074256,9.53904,4.00911,0.079297,0.062022,32,91.165791,32,32,32,32,32,32,69.462663,65.352881,103.870947,100,38.336406,48.873418,68.607595,45.62887,50.101266,54.197468,75.793411,188.886874,79.708456,,189.690094,0.377,0.879,0,0.377,0.879,0,0.091203,0.879,0,-0.153,0.4,0,-0.153,0.25,0,-0.287,0.45,0,0.15,1.2,0,-0.0561,0.37,0,,1,75TonScrew,1,11.04.37-Tue.04.28.2020.csv
49.713417,49.013551,199.319355,161.203921,227.097721,224.923826,198.881292,14.156387,192.435921,1.825675,47.430401,50.079333,159.704964,200.631595,157.850862,192.658566,109.915983,183.232187,-0.065394668,0.038302,96.509294,63.340654,192.558031,21.149467,47.93189,1.053178029,862433.6649,0.88085,9.041004,9.073333,4.00949,0.081147,0.064102,32,92.632226,32,32,32,32,32,32,69.394348,66.297076,102.697828,100,43.06576,48.873418,68.607595,59.1023,50.101266,66.197468,81.213568,198.881291,83.911345,,198.799432,0.377,0.879,0,0.377,0.879,0,0.091203,0.879,0,-0.153,0.4,0,-0.153,0.25,0,-0.287,0.363149,0,0.15,1.2,0,-0.0561,0.37,0,,1,75TonScrew,1,11.44.13-Tue.04.28.2020.csv
49.579425,48.875868,199.416065,164.690382,156.079444,162.16465,148.751262,14.326018,196.693095,0.691234,48.638904,49.549802,162.815968,202.101744,161.244455,197.134035,113.099414,191.900504,-0.066377309,0.038007,95.454556,66.267202,197.110511,21.205965,36.161442,1.00868756,612097.3028,0.851355,9.043712,9.185681,4.022212,0.067061,0.05753,32,92.725732,32,32,32,32,32,32,69.073423,62.621017,107.820973,100,24.654991,45.316456,43.896637,33.220537,47.341772,42.912103,34.23645,148.751261,62.045568,,149.342725,0.377,0.879,0,0.377,0.811004,0,0.091203,0.879,0,-0.153,0.4,0,-0.253,0.25,0,-0.287,0.35,0,0.15,1.2,0,-0.0561,0.37,0,,1,75TonScrew,1,10.54.18-Thu.04.30.2020.csv
49.838946,49.143914,199.166588,163.723816,180.616739,175.214788,158.78743,14.31028,195.969761,1.238026,48.314439,49.91421,161.924081,201.574612,160.359498,196.28179,114.009578,189.913981,-0.067500327,0.038201,97.694157,66.189543,196.240886,21.282836,38.502816,1.018657942,658515.8968,0.857363,9.044559,7.52755,3.996198,0.069852,0.060012,32,92.583021,32,32,32,32,32,32,68.945205,63.518516,106.718787,100,28.534967,41.531646,54.936709,45.822785,53.405063,51.091321,56.670886,158.787429,66.02751,,159.672228,0.377,0.879,0,0.377,0.8,0,0.091203,0.879,0,-0.153,0.4,0,-0.253,0.25,0,-0.287,0.35,0,0.15,1.2,0,-0.0561,0.37,0,,1,75TonScrew,1,12.39.26-Thu.04.30.2020.csv
49.80654,49.502835,199.127603,163.662311,190.307946,187.030258,168.814214,14.289989,195.260844,0.022288,49.021427,49.902324,161.974277,201.496805,160.469021,195.644515,113.459474,188.624998,-0.06735995,0.038389,95.137009,65.375646,195.651697,21.154733,40.643825,1.031599825,705759.9073,0.862275,9.435275,7.590837,3.997937,0.071936,0.061819,32,94.431504,32,32,32,32,32,32,69.114827,64.489694,106.576813,100,31.241313,44.531646,56.603623,47.822785,55.016476,52.775307,56.670886,168.814215,70.887464,,170.100616,0.377,0.879,0,0.477,0.7,0,0.091203,0.879,0,-0.153,0.4,0,-0.350011,0.171128,0,-0.287,0.35,0,0.15,1.2,0,-0.0561,0.37,0,,1,75TonScrew,1,13.50.27-Thu.04.30.2020.csv
49.772874,49.163361,199.227261,162.53923,204.879883,200.031824,178.837094,14.267082,194.403261,1.304857,48.236782,50.028578,160.933611,201.23076,159.264959,194.7787,113.558398,186.299508,-0.063710141,0.038467,89.223265,64.61583,194.63176,21.094992,42.557003,1.053715235,753525.5255,0.870389,9.131627,6.605404,4.002694,0.069362,0.060739,32,94.174556,32,32,32,32,32,32,68.9735,65.372387,105.891113,100,34.244992,44.531646,59.130602,56.291835,54.405063,70.761214,82.326888,178.837094,75.722026,,180.062052,0.377,0.879,0,0.477,0.7,0,0.091203,0.879,0,-0.153,0.4,0,-0.353,0.3,0,-0.287,0.35,0,0.15,1.2,0,-0.0561,0.37,0,,1,75TonScrew,1,15.26.12-Thu.04.30.2020.csv
49.793717,49.093863,199.381965,164.595554,162.325253,164.374327,148.791704,14.200055,196.631308,-0.000247,49.107428,49.012788,162.812329,201.945444,161.225547,196.794114,93.498254,193.408053,-0.067500327,0.031352,89.556077,66.452885,196.721702,20.889026,54.221469,0.679557,681726.0561,0.859106,9.040893,29.345268,4.004168,0.0683,0.058352,32,94.308792,32,32,32,32,32,32,70.145319,63.600131,109.539055,68.444984,22.81418,43.797468,49.873418,37.814768,31.898734,21.518987,37.454242,148.791704,61.611094,0.598125,149.277005,0.377,0.879,0,0.377,0.879,0,0.091203,0.879,0,-0.153,0.4,0,-0.153,0.35,0,-0.287,0.622812,0,0.15,1.2,0,-0.0561,0.794084,0,,1,75TonScrew,1,17.08.06-Tue.05.26.2020.csv
49.810299,49.111277,199.090554,164.012526,181.245142,176.639341,158.819354,14.199557,195.858874,-0.000253,49.11618,49.013394,162.331217,201.473319,160.867461,195.952546,93.309287,192.138623,-0.065394668,0.031339,107.699349,66.038209,195.958285,20.784493,57.592488,0.686635,733200.3718,0.864619,9.042233,29.061896,3.996999,0.07125,0.061583,32,94.829336,32,32,32,32,32,32,70.307301,63.124976,108.669288,68.444984,24.952572,43.797468,49.873418,49.47344,31.898734,25.049261,51.49281,158.819354,66.128756,0.598004,159.621164,0.377,0.879,0,0.377,0.879,0,0.091203,0.879,0,-0.153,0.4,0,-0.153,0.35,0,-0.287,0.6,0,0.15,1.2,0,-0.0561,0.893054,0,,1,75TonScrew,1,17.34.54-Tue.05.26.2020.csv
49.849252,49.279169,199.356595,162.179937,195.255262,189.572858,168.834098,14.223085,196.018662,-0.000342,49.187017,49.326187,160.49857,201.390536,158.867686,195.932472,97.406675,191.426343,-0.064973537,0.031341,86.862484,65.161116,196.015357,20.591265,60.980623,0.696503,772561.5974,0.872569,9.16988,24.699586,3.999265,0.07326,0.063707,32,84.462142,32,32,32,32,32,32,69.646529,64.875892,109.013443,67.594937,28.209738,44.303797,52.379747,57.459321,34.417722,30.379621,49.012583,168.834099,70.073871,0.60615,170.058634,0.377,0.879,0,0.377,0.879,0,0.091203,0.879,0,-0.153,0.4,0,-0.153,0.35,0,-0.287,0.6,0,0.15,1.2,0,-0.0561,0.97,0,,1,75TonScrew,1,07.51.58-Wed.05.27.2020.csv
49.612588,49.231342,199.240258,163.838199,204.494416,198.369045,178.864652,14.225173,194.762386,-0.000451,49.159416,48.967159,162.08246,200.83939,160.435732,194.489662,98.837629,189.339303,-0.064692782,0.031388,91.034887,64.266949,194.783706,2.568341,64.273707,0.694022,803172.3898,0.866342,9.367658,22.480924,4.016224,0.070785,0.06274,32,89.158189,32,32,32,32,32,32,69.973282,68.193819,107.23833,67.594937,35.284397,45.156977,53.737013,63.599799,37.417722,31.406336,54.319479,178.864652,74.677889,0.597356,180.163891,0.377,0.879,0,0.377,0.879,0,0.091203,0.879,0,-0.153,0.4,0,-0.153,0.35,0,-0.287,0.566243,0,0.15,1.2,0,-0.0561,0.976,0,,1,75TonScrew,1,08.37.18-Wed.05.27.2020.csv
49.869349,49.154648,199.326454,160.203255,216.54054,214.794597,188.904244,14.226567,193.445971,4.339306,47.171419,49.187233,158.713043,200.867538,156.922001,193.55227,94.826028,187.548066,-0.063990896,0.03144,92.625611,63.546924,193.203953,13.061949,67.929576,0.707855,885317.2526,0.882945,9.025393,25.816018,3.997151,0.078099,0.067888,32,90.971578,32,32,32,32,32,32,70.22083,65.89984,105.62569,67.594937,34.77641,45.303797,57.207207,87.331546,37.417722,33.609679,63.431514,188.904244,79.485026,0.604968,189.802472,0.377,0.879,0,0.377,0.879,0,0.091203,0.879,0,-0.153,0.4,0,-0.153,0.35,0,-0.287,0.4,0,0.15,1.2,0,-0.0561,1.443168,0,,1,75TonScrew,1,09.39.00-Wed.05.27.2020.csv
49.99962,48.995486,199.354461,160.202125,229.727965,227.805136,198.935338,14.22378,192.686606,3.075225,47.011348,49.339565,158.7489,200.841916,156.928661,192.743647,95.02633,185.751331,-0.06427165,-0.239652,93.343199,63.246383,192.521287,12.906686,71.872826,0.707588,937339.4212,0.886172,8.729899,24.93097,3.98725,0.079555,0.069733,32,91.907497,32,32,32,32,32,32,70.253691,66.391373,105.17299,67.594937,38.916527,45.303797,70.993401,87.252263,38.417722,33.626607,80.353676,198.935339,83.716965,0.607521,198.929399,0.377,0.879,0,0.377,0.879,0,0.091203,0.879,0,-0.153,0.4,0,-0.153,0.35,0,-0.287,0.4,0,0.15,1.2,0,-0.0561,1.5,0,,1,75TonScrew,1,10.15.45-Wed.05.27.2020.csv
49.840695,48.904983,199.14544,160.077889,240.107975,238.962151,208.949292,14.221643,191.484235,2.112055,47.231201,49.134908,158.555142,200.074655,156.640244,191.495535,95.428665,183.626131,-0.063429387,-1.438705,92.336053,62.244917,191.398676,11.575089,75.44364,0.708391,981331.7226,0.887939,8.801616,23.710918,3.995568,0.081527,0.071931,32,92.294052,32,32,32,32,32,32,70.249308,67.775992,104.012837,67.594937,43.797035,46.303797,82.387013,86.591685,39.417722,39.726607,75.781169,208.949292,87.700396,0.609377,208.274393,0.377,0.879,0,0.377,0.879,0,0.091203,0.879,0,-0.153,0.4,0,-0.153,0.35,0,-0.287,0.4,0,0.15,1.2,0,-0.0561,1.576164,0,,1,75TonScrew,1,10.57.26-Wed.05.27.2020.csv
49.997903,49.357584,160.951488,141.162416,231.756585,230.440354,199.118952,14.211125,151.476009,5.135727,48.228646,49.443189,139.7484,160.604381,137.532777,151.445236,81.822517,141.820087,-0.066236932,0.030946,79.992053,62.511845,150.254686,14.808742,61.103636,0.71233,1005378.449,0.896555,9.092658,19.579783,3.219178,0.07995,0.070246,32,84.951286,32,32,32,32,32,32,70.205716,66.483454,91.977408,64.171314,49.437142,72.911392,76.202532,64.099862,41.594937,32.639887,43.481717,199.118952,72.287459,0.602126,199.599155,0.377,0.879,0,0.377,0.879,0,0.091203,0.879,0,-0.153,0.4,0,-0.153,0.35,0,-0.287,0.4,0,0.15,1.2,0,-0.0561,0.8,0,,1,75TonScrew,1,13.57.42-Wed.05.27.2020.csv
50.035028,49.073303,186.009796,153.055512,230.035456,228.819151,198.984748,14.206726,178.248593,4.384529,47.357639,49.292006,151.567091,186.886399,149.553047,178.423169,90.867978,170.542259,-0.065956177,0.031143,89.246007,63.184535,176.858031,16.546724,68.286559,0.710338,959186.6843,0.889398,8.768343,23.08021,3.717513,0.079497,0.069749,32,87.889856,32,32,32,32,32,32,70.358499,67.10037,101.458011,62.235267,41.494418,59.493671,60.253165,51.028475,41.594937,32.595587,44.876173,198.984749,79.688445,0.608732,199.458193,0.377,0.879,0,0.377,0.879,0,0.091203,0.879,0,-0.153,0.4,0,-0.153,0.35,0,-0.287,0.4,0,0.15,1.2,0,-0.0561,0.8,0,,1,75TonScrew,1,14.27.29-Wed.05.27.2020.csv
49.857232,49.17336,213.216312,166.391085,225.304087,224.976763,198.860824,14.20388,207.214883,3.405313,47.86774,48.984288,164.742832,215.224667,162.798811,207.671297,101.420047,201.633113,-0.063990896,0.031168,94.393698,63.522827,205.740266,18.371199,75.882313,0.696019,899866.552,0.878776,9.051847,24.432151,4.276532,0.079621,0.069738,32,90.722337,32,32,32,32,32,32,70.537836,69.975002,108.347723,89.884088,39.874303,49.873418,56.342641,35.588154,41.594937,34.051469,49.819858,198.860823,87.548346,0.603322,198.459799,0.377,0.879,0,0.377,0.879,0,0.091203,0.879,0,-0.153,0.4,0,-0.153,0.35,0,-0.287,0.4,0,0.15,1.2,0,-0.0561,0.8,0,,1,75TonScrew,1,14.49.10-Wed.05.27.2020.csv
49.583863,49.123404,243.828737,181.395516,221.067576,219.4565,198.631496,14.262124,239.170452,3.15734,47.522058,49.012298,179.61773,246.225748,177.849556,239.718915,115.391407,233.566262,-0.065254291,0.031171,98.314684,63.750163,237.441448,19.909992,84.317062,0.669688,821111.5802,0.863294,9.286264,21.319039,4.917788,0.079283,0.070068,32,89.045967,32,32,32,32,32,32,70.356659,70.642664,116.220565,100,37.150684,40.253165,41.042326,43.269457,45.126582,36.910435,48.198918,198.631496,95.787362,0.58952,198.523189,0.377,0.879,0,0.377,0.879,0,0.091203,0.879,0,-0.153,0.4,0,-0.153,0.35,0,-0.287,0.5,0,0.15,1.2,0,-0.0561,0.37,0,,1,75TonScrew,1,12.30.49-Thu.05.28.2020.csv
48.86755,47.954134,204.573128,164.009239,223.704722,220.826775,198.851556,14.263014,198.317517,3.09401,43.828653,47.883972,162.514291,206.446959,160.733981,198.809767,98.233246,192.610244,-0.064131273,-1.20104,93.291193,62.189152,197.066255,17.411162,73.385,0.695864,894251.0082,0.878964,8.864582,24.312997,4.186279,0.079181,0.070618,32,93.04586,32,32,32,32,32,32,70.307724,68.943527,106.793916,89.620253,39.787284,40.253165,87.9967,48.004129,45.126582,30.860435,25.316041,198.851555,85.521708,0.597127,198.641317,0.377,0.879,0,0.377,0.879,0,0.091203,0.879,0,-0.153,0.4,0,-0.153,0.35,0,-0.287,0.5,0,0.15,1.2,0,-0.0561,0.37,0,,1,75TonScrew,1,13.41.21-Thu.05.28.2020.csv
49.765102,48.875785,151.793981,139.301751,165.875671,168.149939,149.00743,14.262996,146.555618,0.926493,48.291202,48.385507,137.976556,152.696637,136.427973,146.866034,78.165334,142.971376,-0.064973537,-1.384514,95.279311,65.044809,146.159813,13.541259,43.714186,0.692348,744499.7957,0.877534,8.850651,23.775654,3.05018,0.068419,0.059971,32,89.067357,32,32,32,32,32,32,70.381183,63.448321,94.783227,100,29.298889,55.227848,60,39.383941,32.924051,24.160435,13.020034,149.007429,51.600001,0.586527,149.475456,0.377,0.879,0,0.377,0.879,0,0.091203,0.879,0,-0.153,0.4,0,-0.153,0.35,0,-0.287,0.5,0,0.15,1.2,0,-0.0561,0.37,0,,1,75TonScrew,1,14.58.59-Thu.05.28.2020.csv
49.853802,49.142074,199.388307,163.608672,161.144803,163.134841,148.745272,14.353216,196.293291,2.134268,48.544819,48.671598,161.848282,201.882805,160.270832,196.813079,94.57272,193.50753,-0.066377309,0.03161,92.604573,66.391168,195.645071,19.835097,54.225231,0.673785,673313.8658,0.851846,9.026382,28.30765,3.999442,0.068653,0.061122,32,93.948489,32,32,32,32,32,32,70.981529,65.565158,108.915479,100,24.148246,38.987342,48.858768,32.88953,30.113924,25.532869,40.286117,148.745272,62.042954,0.588807,149.283927,0.377,0.879,0,0.377,0.879,0,0.091203,0.879,0,-0.153,0.4,0,-0.153,0.35,0,-0.287,0.5,0,0.15,1.2,0,-0.0561,0.6,0,,1,75TonScrew,1,13.20.26-Fri.05.29.2020.csv
49.866249,49.124843,199.111398,162.999791,178.303196,175.503507,158.78709,14.324854,195.679552,2.236342,48.584465,48.984397,161.249575,201.457693,159.785339,196.16191,94.698836,192.30732,-0.067079195,0.038002,94.555825,66.096612,195.107545,21.185415,57.529268,0.682376,723868.5105,0.858214,8.997048,27.733152,3.992924,0.06875,0.061556,149.706014,93.301897,71.725552,32,32,32,32,32,70.894706,64.411539,107.859979,95.746216,25.453746,39.987342,49.341772,38.991249,31.113924,25.532869,55.030871,158.787089,66.296646,0.592161,159.649813,0.377,0.879,0,0.377,0.879,0,0.091203,0.879,0,-0.153,0.4,0,-0.153,0.35,0,-0.287,0.46035,0,0.15,1.2,0,-0.0561,0.6,0,,1,75TonScrew,1,15.08.41-Mon.06.01.2020.csv
49.749608,49.246854,199.162704,163.167885,191.054409,187.112292,168.807454,14.311977,195.007529,2.024294,48.515126,48.589908,161.569991,201.388129,160.107915,195.554864,95.198796,191.174102,-0.066096555,0.026517,97.554106,65.288713,194.276819,21.014967,61.030942,0.687564,770365.552,0.86316,9.239799,26.812297,4.003376,0.071681,0.064872,150.368902,98.876414,72.168323,32,32,32,32,32,71.066012,65.689369,107.814401,95.746216,29.17748,39.987342,49.341772,49.831,33.113924,25.532869,66.487472,168.807454,71.261504,0.588833,170.057801,0.377,0.879,0,0.377,0.879,0,0.091203,0.879,0,-0.153,0.4,0,-0.153,0.35,0,-0.287,0.45,0,0.15,1.2,0,-0.0561,0.6,0,,1,75TonScrew,1,16.09.44-Mon.06.01.2020.csv
49.757521,49.102125,199.257417,162.263271,202.950424,200.155052,178.836708,14.300886,194.18478,1.414184,47.982347,48.506406,160.725546,201.233134,159.124712,194.728658,95.581551,189.674151,-0.066658064,-1.40156,91.365303,64.453837,193.190108,20.934417,64.731984,0.693268,822192.0732,0.871083,9.084967,25.865073,4.00456,0.070737,0.064229,149.270594,99.720683,72.376239,32,32,32,32,32,71.388685,66.452481,106.976307,95.746216,32.229384,40.987342,49.341772,60.11132,35.113924,28.532869,68.718925,178.836709,76.009867,0.590489,180.195178,0.377,0.879,0,0.377,0.879,0,0.091203,0.879,0,-0.153,0.4,0,-0.153,0.35,0,-0.287,0.45,0,0.15,1.2,0,-0.0561,0.6,0,,1,75TonScrew,1,16.33.45-Mon.06.01.2020.csv
49.650152,49.051175,199.202828,160.682563,215.186597,212.787831,188.908452,14.297343,192.888798,3.242917,46.249703,48.433556,159.199984,200.999747,157.45823,193.412396,95.427062,187.238692,-0.064692782,-1.759865,94.742097,63.740385,191.646621,20.916826,68.127679,0.701388,874646.495,0.87867,9.145276,25.097026,4.012164,0.076168,0.069861,148.096581,99.415736,72.429219,32,32,32,32,32,71.162458,66.881846,106.131675,95.746216,34.902946,42.987342,49.341772,67.95115,38.113924,30.532869,65.008539,188.908451,80.197146,0.595839,189.832379,0.377,0.879,0,0.377,0.879,0,0.091203,0.879,0,-0.153,0.4,0,-0.153,0.35,0,-0.287,0.45,0,0.15,1.2,0,-0.0561,0.6,0,,1,75TonScrew,1,17.09.11-Mon.06.01.2020.csv
49.833339,49.133257,199.44522,164.254717,167.64592,163.920285,150.02273,14.173282,197.589494,0.989482,48.868411,48.310285,162.410776,201.89429,160.96429,197.046024,94.548943,193.494888,-0.06735995,0.038474,96.835149,66.502261,197.275595,21.126187,54.291119,0.676561,676619.1586,0.849027,9.036013,28.327818,4.002287,0.140317,0.064438,151.368842,94.39634,-675.684283,32,32,32,32,32,71.605986,61.79903,109.363428,100,20.909698,37.696203,46.063291,39.557159,33.443038,27.582278,17.529072,150.02273,62.359341,0.58905,149.251875,0.377,0.879,0,0.377,0.879,0,0.091203,0.879,0,-0.153,0.4,0,-0.153,0.35,0,-0.287,0.456087,0,0.15,1.2,0,-0.0561,0.61182,0,,1,75TonScrew,1,11.46.55-Thu.06.04.2020.csv
49.818941,49.084028,199.337312,164.572237,166.755399,163.826175,150.041284,14.172462,197.394561,0.915124,48.808604,48.052118,162.760604,201.872721,161.332824,196.957527,94.777865,193.417309,-0.0658158,0.038929,99.680907,66.475578,197.179418,20.992393,54.309402,0.675756,675445.6528,0.848587,9.002972,28.06922,4.001204,0.137449,0.064422,151.746856,97.900968,77.813772,32,32,32,32,32,71.45003,62.524976,109.325085,100,21.568824,37.696203,46.063291,38.928558,33.443038,27.582278,19.531858,150.041284,62.608497,0.586202,149.258293,0.377,0.879,0,0.377,0.879,0,0.091203,0.879,0,-0.153,0.4,0,-0.153,0.35,0,-0.287,0.5,0,0.15,1.2,0,-0.0561,0.7,0,,1,75TonScrew,1,12.03.12-Thu.06.04.2020.csv
49.89601,49.043009,199.445671,163.751679,170.716847,164.29002,148.766213,14.158749,197.54415,1.019507,48.514209,48.262793,161.882989,201.907781,160.403079,197.02806,96.072183,193.315725,-0.06735995,0.036981,95.204901,66.5976,197.157892,21.206636,54.255561,0.677591,673146.7374,0.85672,8.883419,26.725803,3.997139,0.066228,0.059424,150.801067,95.749821,78.986389,32,32,32,32,32,71.570857,60.576252,109.163221,100,20.564539,35.949367,43.037975,47.256947,33.443038,27.582278,16.521817,148.766213,54.184631,0.678604,149.382258,0.377,0.879,0,0.377,0.879,0,0.091203,0.879,0,-0.153,0.4,0,-0.153,0.35,0,-0.287,0.5,0,0.15,1.2,0,-0.0561,0.7,0,,1,75TonScrew,1,15.04.20-Thu.06.04.2020.csv
49.823642,49.181972,199.156082,163.874306,182.649755,175.999376,158.796268,14.159267,196.669711,1.05114,48.849387,48.198645,162.185937,201.560484,160.758793,196.215245,94.990872,192.102348,-0.066517686,0.038248,109.723727,66.067533,196.349194,21.052078,57.573727,0.684503,725103.775,0.861528,9.098646,27.367272,3.997277,0.068991,0.061751,151.333421,98.279633,72.272648,32,32,32,32,32,71.434811,60.074822,108.53568,100,22.610898,35.949367,43.037975,59.30981,33.443038,27.582278,35.850481,158.796268,58.498268,0.673687,160.154094,0.377,0.879,0,0.377,0.879,0,0.091203,0.879,0,-0.153,0.4,0,-0.153,0.35,0,-0.287,0.5,0,0.15,1.2,0,-0.0561,0.7,0,,1,75TonScrew,1,15.22.52-Thu.06.04.2020.csv
49.885301,49.177608,199.097898,163.070763,187.837866,188.655752,168.830101,14.152264,195.980717,0.009048,48.971898,48.116481,161.433728,201.621741,159.970024,195.867319,96.133462,191.124021,-0.066236932,0.038444,97.425285,65.403695,195.972249,20.885836,61.111124,0.690373,773083.6547,0.86743,9.029685,25.859212,3.991119,0.072284,0.065032,150.200101,99.839413,72.413269,32,32,32,32,32,71.458098,59.641455,107.963254,100,24.710633,35.949367,43.037975,72.628747,32.443038,27.582278,81.361863,168.830101,63.07421,0.668895,169.324579,0.377,0.879,0,0.377,0.879,0,0.091203,0.879,0,-0.153,0.4,0,-0.153,0.35,0,-0.287,0.5,0,0.15,1.2,0,-0.0561,0.7,0,,1,75TonScrew,1,16.05.38-Thu.06.04.2020.csv
49.705554,49.235684,199.290934,162.604407,199.268408,200.752381,178.877741,14.144991,194.936894,1.577609,48.576866,47.911373,161.047534,201.291714,159.438286,194.880167,97.156644,189.47354,-0.067079195,0.038858,89.395907,64.406296,194.885061,20.817789,64.759388,0.696046,819085.8912,0.874811,9.272326,24.215012,4.009378,0.071205,0.064865,149.63041,100.194402,72.552336,32,32,32,32,32,71.349557,59.711861,107.910731,100,27.13957,36.949367,46.037975,88.557349,33.443038,35.532278,72.905113,178.877741,67.607864,0.666727,179.281191,0.377,0.879,0,0.377,0.879,0,0.091203,0.879,0,-0.153,0.4,0,-0.153,0.35,0,-0.287,0.5,0,0.15,1.2,0,-0.0561,0.7,0,,1,75TonScrew,1,16.31.53-Thu.06.04.2020.csv
49.675193,49.058022,199.252178,160.818741,213.718974,213.603507,188.878609,14.13595,193.567515,1.790962,46.952271,47.828074,159.344606,201.032353,157.580316,193.539626,98.843703,186.788065,-0.06735995,-0.185314,93.854405,63.758416,193.35585,20.78032,68.123699,0.703944,864177.1918,0.881694,9.126446,21.506414,4.011074,0.076673,0.069966,148.137119,99.674278,72.624984,32,32,32,32,32,71.395737,59.087197,106.41098,100,29.249802,37.949367,56.087975,85.221238,37.443038,36.532278,75.010449,188.878609,71.678176,0.669039,189.21176,0.377,0.879,0,0.377,0.879,0,0.091203,0.879,0,-0.153,0.4,0,-0.153,0.35,0,-0.287,0.35,0,0.15,1.2,0,-0.0561,0.7,0,,1,75TonScrew,1,17.09.44-Thu.06.04.2020.csv
49.782227,48.912938,199.293402,160.851626,228.137256,226.458632,198.907343,14.130977,193.033127,1.543652,47.053633,47.8362,159.383572,200.997818,157.567754,192.871321,101.810419,185.180406,-0.063850519,-1.12886,99.178608,63.504826,192.851545,20.777932,72.164139,0.702974,902829.0763,0.885147,8.87136,17.92585,4.003322,0.078836,0.072613,148.312279,99.904284,72.931295,32,32,32,32,32,72.088098,63.852427,105.023265,100,36.537682,39.949367,66.887975,75.574537,40.443038,43.5,63.888702,198.907343,76.073023,0.666842,198.774787,0.377,0.879,0,0.377,0.879,0,0.091203,0.879,0,-0.153,0.4,0,-0.153,0.35,0,-0.287,0.3,0,0.15,1.2,0,-0.0561,0.7,0,,1,75TonScrew,1,18.06.39-Thu.06.04.2020.csv
49.510633,48.855057,199.01852,161.270751,238.321154,236.958651,207.998129,14.129579,192.037287,1.389434,47.414547,47.653955,159.830633,200.315456,157.959123,191.827091,100.100313,183.401093,-0.063148632,-1.164937,93.939619,62.311767,191.909937,20.714245,75.702789,0.703792,952563.747,0.886802957,9.095343,18.951797,4.019769,0.082038,0.076063,149.032947,100.269445,73.016311,32,32,32,32,32,72.031741,63.883597,104.591671,100,38.557862,40.949367,73.887975,84.968684,40.443038,46.5,70.579593,207.998129,79.81791,0.6675,208.874503,0.377,0.879,0,0.377,0.879,0,0.091203,0.879,0,-0.153,0.4,0,-0.153,0.35,0,-0.287,0.3,0,0.15,1.2,0,-0.0561,0.7,0,,1,75TonScrew,1,18.21.32-Thu.06.04.2020.csv
49.748821,49.117133,199.439328,164.383119,164.632096,163.543993,148.788421,14.228755,197.441512,1.099965,48.765418,48.228949,162.568389,202.069252,161.024447,197.096641,99.686667,193.321085,-0.067921459,0.038175,97.998151,66.443745,197.094235,21.045078,54.231309,0.676748,659236.3354,0.855708,9.11129,23.116891,4.009043,0.065723,0.059373,151.250074,96.523392,71.543462,32,32,32,32,32,70.524218,62.101678,109.377047,98.987342,21.818015,37.696203,46.063291,36.994122,36.21519,24.5,18.586528,148.788421,54.172537,0.677537,149.396697,0.377,0.879,0,0.377,0.879,0,0.091203,0.879,0,-0.153,0.4,0,-0.153,0.35,0,-0.287,0.35,0,0.15,1.2,0,-0.0561,0.7,0,,1,75TonScrew,1,09.23.20-Fri.06.05.2020.csv
49.865728,49.125615,199.156707,163.674181,180.577417,176.268423,158.816889,14.229719,196.530443,0.93804,49.05695,48.181472,161.948088,199.714134,160.527,196.279698,97.839253,192.044253,-0.066096555,0.038357,108.622011,66.152214,196.297393,20.917185,57.592936,0.68468,716544.7354,0.861783,8.997907,24.497049,3.99387,0.06848,0.06137,150.793103,99.160679,71.858273,32,32,32,32,32,71.036694,62.040836,108.776142,98.987342,23.320508,38.696203,49,42.281343,31.1,27,75.431788,158.816889,58.542669,0.673573,160.15686,0.377,0.879,0,0.377,0.879,0,0.091203,0.879,0,-0.153,0.4,0,-0.153,0.35,0,-0.287,0.35,0,0.15,1.2,0,-0.0561,0.7,0,,1,75TonScrew,1,10.09.55-Fri.06.05.2020.csv
46.479671,49.038579,139.119093,136.207705,215.005398,214.36538,199.227882,14.232371,129.800574,1.293961,48.641303,45.27992,134.824534,136.441026,132.653023,129.236867,72.359335,119.115741,-0.065394668,0.038231,87.613379,58.119946,129.703388,15.54095,54.654947,0.70128,976776.6433,0.90285,12.506797,17.694151,2.993154,0.079176,0.072184,126.25118,93.22485,71.799953,32,32,32,32,32,71.172586,63.397511,84.471989,76.435755,52.368352,100,102.043671,100,39.227848,34.886076,38.190214,199.227882,58.534539,0.654895,199.407623,0.377,0.879,0,0.377,0.879,0,0.091203,0.879,0,-0.153,0.4,0,-0.153,0.35,0,-0.287,0.35,0,0.15,1.2,0,-0.0561,0.55,0,,1,75TonScrew,1,11.07.17-Fri.06.05.2020.csv
49.709199,49.200806,160.668536,141.954358,230.298837,229.951921,199.084653,14.234195,151.63104,1.112208,48.177228,48.412586,140.572839,158.451556,138.458208,151.19513,80.885445,141.444757,-0.065254291,0.038445,93.629923,62.479983,151.404292,17.713378,61.187008,0.712632,1007290.812,0.9002,9.233919,20.339575,3.232177,0.079493,0.072423,131.397916,93.294388,72.172754,32,32,32,32,32,71.533463,64.966728,92.264264,100,46.464303,75.21519,79.746835,63.156525,39.227848,36.886076,49.326388,199.084653,64.996406,0.670936,199.744052,0.377,0.879,0,0.377,0.879,0,0.091203,0.829,0,-0.153,0.4,0,-0.153,0.35,0,-0.287,0.35,0,0.15,1.2,0,-0.0561,0.7,0,,1,75TonScrew,1,12.23.25-Fri.06.05.2020.csv
49.838558,49.014032,185.941318,153.951609,229.048282,228.581288,198.98387,14.230754,178.92304,1.661585,47.916256,48.370079,152.494983,185.187918,150.575316,178.694473,90.690398,170.874351,-0.065675423,0.038759,97.722879,63.301098,178.697531,20.250452,68.361909,0.711112,959090.9274,0.892239,8.912603,23.393387,3.730852,0.079375,0.072455,141.338041,95.432266,72.350612,32,32,32,32,32,71.702353,65.847183,100.932412,100,39.129545,60.506329,61.822785,53.771251,40.227848,36.886076,37.59159,198.98387,72.107642,0.674213,199.389898,0.377,0.879,0,0.377,0.879,0,0.091203,0.829,0,-0.153,0.4,0,-0.153,0.35,0,-0.287,0.35,0,0.15,1.2,0,-0.0561,0.7,0,,1,75TonScrew,1,12.54.49-Fri.06.05.2020.csv
49.680739,48.840995,212.825323,167.82029,225.35672,224.258604,198.829328,14.230618,207.334623,1.160708,47.809294,48.014387,166.300869,213.22569,164.534514,207.410023,105.326584,200.692898,-0.063710141,0.038876,104.970412,63.761339,207.178464,22.062192,75.925092,0.693942,879658.5331,0.878748,8.902519,20.17654,4.283823,0.07932,0.072299,152.742595,101.020002,73.013626,32,32,32,32,32,72.183335,66.999966,110.008503,100,35.679694,48.506329,54.822785,47.480471,44.227848,38.886076,35.012156,198.829328,79.685466,0.661217,198.983213,0.377,0.879,0,0.377,0.879,0,0.091203,0.829,0,-0.153,0.4,0,-0.153,0.35,0,-0.287,0.313942,0,0.15,1.2,0,-0.0561,0.7,0,,1,75TonScrew,1,13.34.16-Fri.06.05.2020.csv
49.719342,49.213958,243.828021,182.916832,223.029016,220.253164,198.698983,14.152261,239.541631,2.066675,48.041459,47.65488,181.23959,244.867439,179.452099,239.595708,131.745285,230.477424,-0.063850519,0.031332,105.606876,64.144911,239.199327,22.116036,84.552192,0.668973,754816.3964,0.86374,9.236957,3.971539,4.904164,0.080715,0.074476,166.679644,105.094845,32,32,32,32,32,32,71.530656,68.669776,119.404884,80,34.38521,38.974684,45.822785,48.752141,51.822785,54.43038,69.88736,198.698983,88.251644,0.640987,199.205376,0.377,0.879,0,0.377,0.879,0,0.091203,0.879,0,-0.153,0.4,0,-0.153,0.35,0,-0.287,0.4,0,0.15,1.2,0,-0.0561,0.37,0,,1,75TonScrew,1,10.09.49-Mon.06.08.2020.csv
48.758674,48.036843,204.551573,164.357067,221.29777,221.166772,198.9698295,14.148123,198.941482,1.818389,46.585147,46.205463,162.917866,204.716861,161.067013,198.916234,97.735609,192.630606,-0.06427165,0.030958,97.612449,62.19649,198.733351,19.612386,73.400178,0.698266,898125.7332,0.882202248,9.062512,24.816341,4.195155,0.080373,0.073944,149.62858,101.139182,32,32,32,32,32,32,71.646013,67.491332,108.469203,100,37.462052,50.101266,57.320724,49.066419,40.189873,41.78481,27.241981,193.608889,77.1853,0.664033,198.302623,0.377,0.879,0,0.377,0.879,0,0.091203,0.879,0,-0.153,0.4,0,-0.153,0.35,0,-0.287,0.359152,0,0.15,1.2,0,-0.0561,0.37,0,,1,75TonScrew,1,10.43.29-Mon.06.08.2020.csv
49.661987,48.847409,151.77552,139.74295,171.605244,168.510829,149.014822,14.143446,147.158239,1.040231,48.41571,47.109639,138.421434,150.820908,136.899129,146.979451,77.204778,143.009402,-0.066658064,0.031118,97.154266,64.991359,147.403466,15.255767,43.691565,0.695587,749198.9965,0.881376,8.929028,24.752455,3.056159,0.067754,0.062118,128.425352,94.896774,72.870964,32,32,32,32,32,71.537084,61.812377,95.691434,65.385218,24.769582,50.101266,78.481013,48.725736,31.35443,25.589241,11.752142,149.014822,43.707322,0.695346,149.340456,0.377,0.879,0,0.377,0.879,0,0.091203,0.879,0,-0.153,0.4,0,-0.153,0.35,0,-0.287,0.35,0,0.15,1.2,0,-0.0561,0.37,0,,1,75TonScrew,1,11.28.45-Mon.06.08.2020.csv
49.786575,48.906203,151.771334,138.120768,163.692541,163.400595,144.001319,14.121421,148.083602,0.985203,48.87705,47.739044,136.537212,150.550942,135.012178,147.509947,77.190791,143.863928,-0.070588627,0.031001,80.753484,65.283802,147.950926,17.375025,42.083034,0.698573,726576.8549,0.88215,8.858553,25.164132,3.048401,0.068108,0.059723,126.882312,86.537544,84.248137,32,32,32,32,32,71.140514,60.990047,94.96014,100,25.090501,51.911392,58.987342,50.51286,25.544304,24,44.110211,144.001319,41.497078,0.708444,145.4568,0.377,0.879,0,0.377,0.879,0,0.091203,0.879,0,-0.153,0.4,0,-0.153,0.35,0,-0.287,0.3,0,0.15,1.2,0,-0.0561,0.37,0,,1,75TonScrew,1,14.11.56-Mon.06.08.2020.csv
49.793226,49.97744,199.408966,163.353854,161.46955,238.394812,148.322963,14.294963,192.392505,1.955863,48.015858,48.549566,161.810127,198.909991,159.894851,192.118238,94.627129,184.74127,11.74201687,69.186237,87.481963,99.630963,192.044902,19.903354,70.772156,0.757229,986071.0137,0.84867777,9.923536,24.943019,4.004717,0.06729,0.062099,150.670196,97.258289,72.034222,32,32,32,32,32,71.130849,66.875863,106.502608,43.943648,33.869412,39.21519,46.303797,44.722527,30.544304,25,44.865806,148.322963,70.89076,0.755971,149.417043,0.377,0.879,0,0.377,0.879,0,0.091203,0.879,0,-0.153,0.4,0,-0.153,0.35,0,-0.287,0.3,0,0.15,1.2,0,-0.0561,0.37,0,Speed Curve with Economizer,1,75TonScrew,1,11.42.15-Wed.06.10.2020.csv
49.761758,49.988054,199.375549,164.261904,171.079768,253.262359,158.367282,14.301505,191.304856,2.409111,48.399336,48.627332,162.741516,198.828358,160.672511,191.030063,94.766952,182.521188,11.74398215,72.128462,90.496326,99.496183,191.033773,20.060029,75.261253,0.756833,1046896.989,1.247638,9.966834,23.944209,4.006545,0.068847,0.062276,150.370282,99.351579,72.192987,32,32,32,32,32,71.485948,68.050579,105.374576,50.126582,39.819276,43.468354,46.303797,43.704387,34.544304,26,39.4539,158.367282,76.298109,0.746552,159.324479,0.377,0.879,0,0.377,0.879,0,0.091203,0.879,0,-0.153,0.4,0,-0.153,0.35,0,-0.287,0.3,0,0.15,1.2,0,-0.0561,0.37,0,Speed Curve with Economizer,1,75TonScrew,1,14.33.19-Wed.06.10.2020.csv
49.777662,49.999924,199.403667,164.682934,186.336421,271.250983,168.368785,14.300141,189.555918,1.598676,48.046004,48.532554,163.175496,198.276994,160.901014,189.223217,94.439779,179.059953,11.3388534,77.957163,95.423253,99.628851,189.239296,20.019527,79.867514,0.682450332,771297.9955,0.863128,9.962704,22.920271,4.005904,0.071677,0.065545,150.820527,100.65243,72.532502,32,32,32,32,32,71.621103,68.632546,103.344409,50.126582,45.69649,43.468354,46.303797,58.613264,34.544304,26,77.011368,168.368785,81.992057,0.81886,170.223197,0.377,0.879,0,0.377,0.879,0,0.091203,0.879,0,-0.153,0.4,0,-0.153,0.35,0,-0.287,0.3,0,0.15,1.2,0,-0.0561,0.37,0,Speed Curve with Economizer,1,75TonScrew,1,16.12.52-Wed.06.10.2020.csv
49.73647,49.920661,199.258759,164.369104,192.11514,285.473592,178.428652,14.295761,188.105025,1.106072,47.95564,48.523859,162.79383,197.600633,160.427171,187.728419,92.367467,176.273748,11.33871302,79.58777,95.783494,98.237968,187.808236,19.980493,83.808408,0.662213,802515.1154,0.840332,9.921222,23.883593,4.006413,0.071503,0.065189,150.540246,101.247113,72.65475,32,32,32,32,32,71.597697,66.549628,102.37489,50.126582,43.726858,43.468354,46.303797,78.767522,34.544304,34.9,71.840557,178.428652,86.815659,0.639259,178.670029,0.377,0.879,0,0.377,0.879,0,0.091203,0.879,0,-0.153,0.4,0,-0.153,0.35,0,-0.287,0.3,0,0.15,1.2,0,-0.0561,0.37,0,Speed Curve with Economizer,1,75TonScrew,1,17.16.30-Wed.06.10.2020.csv
49.827657,50.045009,199.42396,162.169697,164.47727,239.128343,148.330069,14.409606,192.319832,4.039559,47.917041,49.367503,160.573114,198.686376,158.588572,191.948875,94.488514,184.534371,11.74271875,69.374656,86.246228,99.63198,191.895177,18.90999,70.653038,0.618248,680892.3551,0.863988,9.954872,25.002458,4.002281,0.066654,0.060777,146.925078,91.822694,71.584505,32,32,32,32,32,71.181521,65.923454,106.481614,62.162468,33.682248,36.708861,46.303797,52.181154,30.544304,27.9,40.369464,148.330069,70.495888,0.619627,149.314054,0.377,0.879,0,0.377,0.879,0,0.091203,0.879,0,-0.153,0.4,0,-0.153,0.35,0,-0.287,0.3,0,0.15,1.2,0,-0.0561,0.37,0,Speed Curve with Economizer,1,75TonScrew,1,10.05.36-Thu.06.11.2020.csv
49.780414,49.999423,199.422759,164.650833,175.280993,253.714623,158.348113,14.409414,191.515274,2.850036,48.511749,49.282039,163.059835,198.582237,161.099054,191.093819,94.734412,182.795407,11.74384177,72.649845,91.209162,99.669618,191.250479,18.840558,75.38805,0.617296,724656.8775,0.863235,9.957885,24.08525,4.006037,0.068491,0.062079,149.510658,98.072983,72.046248,32,32,32,32,32,71.405922,67.489968,105.499727,61.557305,39.516564,37.708861,46.303797,63.008983,32.544304,27.9,52.78605,158.348113,76.400091,0.609122,159.15114,0.377,0.879,0,0.377,0.879,0,0.091203,0.879,0,-0.153,0.4,0,-0.153,0.35,0,-0.287,0.3,0,0.15,1.2,0,-0.0561,0.37,0,Speed Curve with Economizer,1,75TonScrew,1,10.57.32-Thu.06.11.2020.csv
49.569216,50.035654,199.439698,165.402865,177.678489,270.423472,168.383024,14.408882,190.078396,2.147104,47.861176,49.02653,163.874439,198.250458,161.704179,189.699666,94.686279,179.697574,11.38110695,78.226359,96.095791,99.372253,189.804002,18.843278,79.989569,0.582943,734962.3009,0.826892,10.218589,22.925666,4.023742,0.071835,0.065253,150.587465,100.017353,72.295011,32,32,32,32,32,71.762978,68.5584,104.206863,61.557305,44.947461,37.708861,47.2566,79.900303,33.544304,28.858702,77.713601,168.383024,82.032167,0.568427,170.282416,0.377,0.879,0,0.377,0.879,0,0.091203,0.879,0,-0.153,0.4,0,-0.153,0.35,0,-0.287,0.3,0,0.15,1.2,0,-0.0561,0.37,0,Speed Curve with Economizer,1,75TonScrew,1,11.32.42-Thu.06.11.2020.csv
49.797191,50.018891,199.398489,164.332056,198.247229,285.769267,178.452854,14.383495,188.285983,2.737256,48.176483,49.256785,162.73829,197.505144,160.396565,187.798021,94.375848,176.446527,11.3388534,79.582922,96.188896,98.133912,187.978335,18.829883,83.782675,0.626038,820813.5056,0.866101,9.961548,21.950093,4.004222,0.071158,0.064782,150.161738,98.472587,72.728076,32,32,32,32,32,71.828879,69.129099,102.325103,41.265823,50.037467,47.088608,51.898734,54.858953,38.468354,29.367089,59.845066,178.452854,86.677942,0.605126,178.600793,0.377,0.879,0,0.377,0.879,0,0.091203,0.879,0,-0.153,0.4,0,-0.153,0.35,0,-0.287,0.3,0,0.15,1.2,0,-0.0561,0.37,0,Speed Curve with Economizer,1,75TonScrew,1,15.33.30-Thu.06.11.2020.csv
49.73625,50.021232,199.337779,163.952778,212.284884,297.304821,188.477504,14.351558,187.785855,4.46324,48.205117,48.444546,162.349777,197.15033,159.96992,187.160869,92.988429,174.880671,11.33394019,79.118913,95.074635,95.538313,187.422665,19.753421,87.398577,0.643957,884534.7459,0.879303,10.027146,22.713088,4.007925,0.078236,0.070649,150.926708,98.28581,72.189733,32,32,32,32,32,71.414036,67.193169,102.462827,15.306836,50.273841,46.746835,60.010195,64.859682,37.962025,37.721519,64.536161,188.477504,91.083941,0.617904,189.788024,0.377,0.879,0,0.377,0.879,0,0.091203,0.879,0,-0.153,0.4,0,-0.153,0.35,0,-0.287,0.35,0,0.15,1.2,0,-0.0561,0.486133,0,,1,75TonScrew,1,12.12.48-Mon.06.15.2020.csv
49.470531,50.002578,199.187442,164.740215,222.856268,307.847065,198.520235,14.348613,187.006593,3.996332,48.637581,48.386918,163.134331,196.753772,160.717334,186.416185,93.32341,173.085199,11.33548434,78.486909,95.54614,94.578863,186.753214,19.815165,91.167974,0.645201,927467.4686,0.881585,10.284734,21.655625,4.026486,0.080516,0.073325,151.508185,99.4063,72.210475,32,32,32,32,32,71.382046,68.218099,101.195368,15.306836,56.408037,46.746835,65.010195,76.560803,38.962025,39.721519,74.841998,198.520235,95.091242,0.618549,198.442844,0.377,0.879,0,0.377,0.879,0,0.091203,0.879,0,-0.153,0.4,0,-0.153,0.35,0,-0.287,0.35,0,0.15,1.2,0,-0.0561,0.5,0,,1,75TonScrew,1,12.29.54-Mon.06.15.2020.csv
49.811648,50.026071,199.455186,164.371287,235.518431,309.453054,208.562351,14.345867,186.641361,3.067128,48.892644,48.716918,162.719861,196.986479,160.17649,185.958384,93.793382,171.352936,11.33478246,77.932972,94.700348,92.265426,186.472186,19.927122,95.154038,0.669138,977502.1102,0.8801,9.952718,20.48551,4.004285,0.082652,0.076317,150.921761,100.088478,72.190904,32,32,32,32,32,71.340917,69.341787,99.366054,15.306836,64.443504,49.746835,70.010195,83.510748,40.962025,41.721519,82.816116,208.562351,99.482053,0.640046,209.237819,0.377,0.879,0,0.377,0.879,0,0.091203,0.879,0,-0.153,0.4,0,-0.153,0.35,0,-0.287,0.35,0,0.15,1.2,0,-0.0561,0.6,0,,1,75TonScrew,1,12.49.16-Mon.06.15.2020.csv
