OSU 80 -Ton Compressor Load Stand,,,,,,,,,,,,,,,,,,,,,,,,,,,,,,,,,,,,,,,,,,,,,,,,,,,,,,,,
Spool-0081,,,,,,,,,,,,,,,,,,,,,,,,,,,,,,,,,,,,,,,,,,,,,,,,,,,,,,,,
J Singleton,,,,,,,,,,,,,,,,,,,,,,,,,,,,,,,,,,,,,,,,,,,,,,,,,,,,,,,,
Measured on:,,,,,,,,,,,,,,,,,,,,,,,,,,,,,,,,,,,,,,,,,,,,,,,,,,,,,,,,
Wednesday, May 1,2019,,,,,,,,,,,,,,,,,,,,,,,,,,,,,,,,,,,,,,,,,,,,,,,,,,,,,,
2:02:19 PM,,,,,,,,,,,,,,,,,,,,,,,,,,,,,,,,,,,,,,,,,,,,,,,,,,,,,,,,
Test Comments:,,,,,,,,,,,,,,,,,,,,,,,,,,,,,,,,,,,,,,,,,,,,,,,,,,,,,,,,
,,,,,,,,,,,,,,,,,,,,,,,,,,,,,,,,,,,,,,,,,,,,,,,,,,,,,,,,
Measurements:,,,,,,,,,,,,,,,,,,,,,,,,,,,,,,,,,,,,,,,,,,,,,,,,,,,,,,,,
Psuc,Tsuc,Pdis,Tdis,Msuc,Mdis,Speed,Pamb,Poil,Moil,Tsuc2,Psuc2,Tdis2,Pdis2,T04,P04,T05,P05,M03,M04,T07,P07,Poil2,Moil2,Power,eta_is,Q_dot,eta_vol,DT_sup,DT_sub,Pressure Ratio,x_acc,y_acc,Tm2,Tm3,Tm4,Tm5,Tm6,Tm7,Tm8,Tm9,Tamb,Twi,Twe,Bypass Position,Water Pump Speed,MG,SG,ML,SL,Speed2,Power2,,,,,
psia,F,psia,F,lbm/min,lbm/min,Hz,psia,psia,lbm/min,F,psia,F,psia,F,psia,F,F,lb/min,lb/min,F,psia,psia,lbm/min,kW,,Btu/h,,F,F,,g,g,F,F,F,F,F,F,F,F,F,F,F,,Hz,,,,,Hz,kW,Purpose of Test, Test Request Number, Build Number, Steady (1 yes 0 no),Raw Data File
54.78705,64.814104,213.474737,177.068472,102.817048,102.448997,29.158756,14.222522,210.423077,6.888485,60.032986,55.680582,176.287049,215.702581,173.662258,211.022254,127.381945,209.324756,-0.00083,-1.392537,32,-235.786172,210.492785,-0.024769,34.918796,0.665495,376178.1173,0.931047,19.778426,1.198504,3.896452,9.804048,9.488147,213.833749,215.038546,231.387875,202.966057,148.284001,188.680187,32,181.326307,69.91322,68.81051,112.758374,15.199378,42.069277,49,52.062062,34.29,47.869953,59.582209,47.793669,,Spool-0081,1,1,14.02.19-Wed.05.01.2019.csv
54.790771,64.987261,186.038923,163.890378,104.435465,105.265811,29.216143,14.213346,182.116022,5.969799,61.57959,55.682679,163.060161,187.540194,160.444245,182.717767,116.931132,180.802094,-0.000829,-1.580879,32,-235.795384,182.317721,-0.024912,31.115673,0.690025,407538.7875,0.955145,19.946235,1.112384,3.395443,9.926931,9.102656,195.647997,195.757028,211.58926,188.915579,125.451316,172.610917,32,166.547536,69.691302,66.48658,105.605618,7.152826,40.351918,54,68.79098,34.29,37.101822,59.630238,43.824186,,1,Spool-0081,1,15.15.19-Wed.05.01.2019.csv
54.782514,65.017301,160.997075,152.859528,107.954761,107.247163,29.274605,14.201662,156.631296,4.349872,62.908199,55.701668,152.082999,161.970806,149.573386,157.010244,106.395987,154.951307,-0.000835,-1.754225,32,-235.806931,156.909821,-0.024949,27.800383,0.693513,436536.9248,0.971414,19.987274,0.957224,2.938759,9.472915,9.575313,178.807593,179.839717,194.638424,176.519656,132.501547,160.060215,32,154.951975,70.033031,64.776283,97.983606,4.967507,43.415975,69,79.229786,32.29,37.204208,59.592184,40.333859,,1,Spool-0081,1,16.29.58-Wed.05.01.2019.csv
54.796099,64.958478,139.067796,142.339365,114.479288,108.568785,29.331048,14.205606,134.634462,3.725577,63.634401,55.807706,141.599417,140.367027,139.131259,134.98578,96.166401,132.585641,-0.000835,-1.924028,32,-235.802995,135.056081,-0.025101,24.912036,0.675959,462760.0512,0.981076,19.912253,0.799952,2.537895,9.221542,9.280378,163.428086,165.755137,178.363353,164.379641,95.345591,148.41498,32,143.849713,68.8565,63.463126,90.304102,3,49.075197,87.284395,69.572335,35.29,36.601214,59.562717,37.310891,,1,Spool-0081,1,17.30.31-Wed.05.01.2019.csv
54.761284,65.112448,119.144029,130.692639,111.208582,109.711771,29.22716,14.324516,112.296388,4.315242,63.655214,55.890939,130.068948,119.113865,127.50682,112.586179,84.424159,109.459085,-0.000785,0.013407,32,-235.683986,112.65505,-0.228566,21.850057,0.649201,492156.8686,0.99604,20.099892,0.305265,2.175684,9.192324,9.181169,148.539083,150.081864,161.789394,150.57622,144.414302,135.233906,32,131.617558,69.408876,60.526531,81.112394,6,53.060986,90.28,95.860533,35.75723,38.729874,59.545924,34.014798,,1,Spool,1,10.50.50-Thu.05.02.2019.csv
54.850537,64.909922,101.458481,119.565448,114.235582,110.707447,29.306687,14.312532,94.093512,2.864625,64.198862,55.92622,119.007246,101.205937,116.446326,94.182251,73.238918,90.438678,-0.000779,0.013236,32,-235.695962,94.536288,-0.188999,18.381105,0.614069,168906.9711,0.999991,19.810728,-0.130643,1.84964,9.273936,8.978106,134.665952,134.279863,145.758071,134.887786,133.562932,122.2736,32,119.949424,69.763162,58.847584,72.277531,4,53.325446,85.368,76.04162,36.7865,38.891598,59.547354,30.451007,,1,Spool,1,12.19.10-Thu.05.02.2019.csv
54.363424,65.118344,85.655466,108.677434,121.675489,110.449787,29.390556,14.2866,76.724563,1.5249,65.056744,55.444512,108.175655,83.839377,105.637932,76.562444,60.591656,72.175577,-0.00181,0.013139,32,-235.721858,77.116759,-0.190696,14.7714,0.56293,32009.9359,1.005252,20.48984,-0.536528,1.575611,9.178932,8.974714,121.369071,119.966971,132.193672,120.611996,122.605069,110.489653,32,108.713812,69.373886,56.656999,61.792222,7,49.382311,100,99.999706,38.746835,32.263634,59.581281,26.729256,,1,Spool,1,15.34.03-Thu.05.02.2019.csv
49.819618,60.278815,138.904053,144.498143,98.990039,99.091526,29.166271,14.252427,136.365784,1.719196,60.505552,50.680494,143.676876,140.189026,141.416831,136.357095,97.248968,134.607573,-0.000749,0.010484,32,-235.756031,136.652252,-0.091448,24.342358,0.695751,417418.9827,0.987805,20.197938,0.706535,2.788118,9.681879,10.037292,167.687044,32,182.147817,168.604895,139.447708,150.678619,32,146.459195,70.298207,62.125782,91.446648,93.594937,38.62148,59,57.991521,29.8001,67.16465,59.579541,36.809211,,1,Spool-0081,1,15.15.17-Fri.05.03.2019.csv
40.807935,50.007672,138.880211,150.241982,99.296315,80.86755,29.164945,14.202065,136.085613,0.791287,49.454037,41.431649,149.230278,139.659074,146.547484,136.183975,97.237775,134.993635,-0.000762,0.009873,32,-235.806396,136.422097,-0.361344,24.119853,0.684035,335175.0685,0.97574,19.979421,0.905741,3.403213,10.234642,9.985505,177.4237,32,194.41719,176.198989,178.326881,157.65453,32,153.187615,68.496175,61.366386,91.130108,27.646656,49.494987,50.632911,42.07978,18.468354,23.810191,59.562966,36.283074,,1,Spool-0081,1,16.24.22-Mon.05.06.2019.csv
49.798404,59.995016,139.404303,142.013158,121.250519,98.787774,29.163215,14.195165,134.252259,5.434226,57.081242,50.788388,141.372904,140.011771,138.718446,134.397912,96.092383,132.508016,-0.000756,0.009818,32,-235.813457,134.313201,-0.315543,24.569929,0.689393,417929.5639,0.984598,19.935267,0.833792,2.799319,10.986698,10.100885,165.455193,32,181.188548,164.934426,160.773743,148.819813,32,144.320064,68.423233,60.835312,90.104174,18.590676,47.464103,61.368169,60.033003,18.468354,8.260355,59.56298,36.731925,,1,Spool-0081,1,17.52.11-Mon.05.06.2019.csv
58.284617,65.498028,134.714674,137.98647,126.645332,107.434055,27.045713,13.841426,130.502816,0.238348,65.731233,59.103509,137.199625,135.595362,134.840557,130.517135,92.759389,128.197918,-0.000736,-0.021477,31.2,-229.916759,130.878238,-0.306043,23.13326,0.629323,NaN,Inf,17.304252,1.227785,2.283453,11.736578,11.846729,159.178795,33.768583,171.517246,160.564705,155.218565,143.922329,31.2,139.750724,66.811754,61.483902,87.592904,23.818419,52.558931,77.403297,66.721409,14.625864,13.938038,54.329888,34.429191,,1,Spool-0081,1,18.17.21-Mon.05.06.2019.csv
60.172636,70.213173,138.844628,136.088859,132.077949,119.479968,29.162981,14.242339,129.81986,14.808187,65.063558,61.584165,135.514277,138.836001,132.581015,130.102774,93.483023,126.814542,-0.000775,0.010014,32,-235.76618,129.055149,-0.575468,24.918162,0.668067,519808.3169,0.992606,20.178465,0.588591,2.307433,0.095313,0.084545,155.587023,32,170.463389,157.613729,150.210974,142.728965,32,138.068127,67.980091,61.344284,87.89204,0,45.148015,90.632911,70.067165,24.341772,35.636143,59.55584,37.084241,,1,Spool-0081,1,13.20.55-Tue.05.07.2019.csv
56.401729,65.818262,130.121294,127.677952,123.683156,112.010052,27.324828,13.340486,122.004233,13.702042,61.096468,57.744081,127.144489,130.41191,124.396388,122.258895,87.741092,119.183348,-0.000714,-0.071205,29.984,-220.91749,121.291204,-0.539081,23.384375,0.625239,487004.9549,0.930284,18.918573,0.585761,2.161717,0.088565,0.078978,145.940573,29.984,159.994534,147.821106,143.991411,133.940919,29.984,129.57081,63.653653,57.612998,82.393332,0,42.241077,84.923038,65.047253,22.808241,34.860889,55.803382,34.797307,,1,Spool-0081,1,13.44.58-Tue.05.07.2019.csv
33.157403,40.278204,139.016745,151.952657,84.448653,65.756803,29.18511,14.218781,136.446408,3.524146,32.974191,33.602089,151.090915,140.086724,148.064303,136.720663,97.560123,135.877706,-0.000752,-1.893705,32,-235.789612,136.665774,-0.575712,23.080925,0.680639,268268.2898,0.967254,20.231856,1.012937,4.192611,0.106751,0.087079,179.272248,32,196.677181,176.392457,180.051871,160.86834,32,156.273834,68.259063,60.251515,91.422589,25.196013,44.625109,8.060458,60.599455,23.794398,16.65388,59.544543,35.142472,,1,Spool-0081,1,15.46.43-Tue.05.07.2019.csv
26.647841,30.146499,138.90464,158.922866,71.207081,52.923435,29.201518,14.194552,137.079236,3.53073,18.352568,26.34655,157.627035,140.130132,154.029121,137.433742,97.912422,136.833628,-0.000756,-1.889347,32,-235.813839,137.349829,-0.595016,21.963962,0.662709,212332.4179,0.957319,20.114581,1.12098,5.212691,0.087344,0.081179,186.624843,32,197.971439,179.104565,181.685635,169.069056,32,163.237048,68.360712,59.355137,92.525378,28.196013,41.636769,11.140842,41.87474,18.794398,16.227428,59.541549,34.010411,,1,Spool-0081,1,16.51.45-Tue.05.07.2019.csv
49.790634,59.812256,138.840046,143.930391,114.596004,98.784894,29.164674,14.193161,134.940061,2.201887,59.119082,50.651763,143.133085,139.554933,140.89379,134.977668,96.691646,133.35546,-0.000725,-0.001005,32,-235.815263,135.334529,-0.681583,24.482223,0.688873,416570.9185,0.984214,19.763009,0.650644,2.788483,0.067899,0.068794,167.517701,32,182.855394,167.736964,164.764222,150.441777,32,145.822306,72.252636,63.917043,90.97473,21.772152,54.911506,51.869607,79.894111,31.735441,29.898242,59.601323,37.073805,40-100,1,Spool-0081,1,18.21.34-Mon.05.13.2019.csv
40.643028,49.580584,113.627624,116.95618,92.773359,80.459606,23.828682,11.594476,109.65565,4.858428,47.443655,41.4569,116.341479,114.147036,114.447285,109.78849,78.826323,108.365899,-0.000597,-0.000768,26.144,-192.662401,109.809862,-0.475954,20.044768,0.562768,340536.4649,0.804237,16.895868,0.414016,2.284151,0.055004,0.053604,136.288472,26.144,149.169179,135.974603,131.796232,122.472129,26.144,118.479954,59.040328,52.296584,74.231582,17.787848,45.823785,42.377469,65.369998,25.927856,26.800712,48.696319,30.344726,40-100,1,Spool-0081,1,18.42.04-Mon.05.13.2019.csv
49.795121,60.414774,161.213734,156.187901,114.658195,97.022857,29.094017,14.206397,157.733473,2.916294,58.990759,50.665455,155.28208,162.292874,152.866042,157.996787,107.121377,156.412014,-0.00074,-1.70413,32,-235.802161,158.109092,-0.322489,27.573136,0.690319,391034.715,0.970456,20.361451,0.870496,3.237548,0.081301,0.086016,184.251562,32,201.558164,182.038239,185.078297,164.229771,32,158.716415,72.233046,65.565304,98.724959,33.974684,53.084831,22.022113,85.608192,31.735441,43.345181,59.621595,40.289134,40-100,1,Spool-0081,1,20.50.56-Mon.05.13.2019.csv
46.897303,56.453111,151.866595,146.760843,107.817149,91.468067,27.43683,13.400519,148.643224,2.4902,55.229183,47.71746,145.981314,153.025703,143.662142,148.942738,100.999559,147.437558,-0.000694,-1.646549,30.176,-222.357634,149.044678,-0.291203,26.001426,0.650028,368061.4932,0.914811,18.743058,0.81061,3.053712,0.073802,0.082766,173.613162,30.176,188.897928,170.622409,173.473268,154.38441,30.176,149.253463,68.091703,61.853882,93.01404,32.038127,49.911871,20.766853,80.987324,29.926521,41.198016,56.223889,37.982879,40-100,1,Spool-0081,1,21.14.36-Mon.05.13.2019.csv
49.777968,59.779019,185.935782,166.428837,113.547985,95.389537,29.018479,14.219076,182.429648,6.181824,55.262863,50.694349,165.579813,187.454631,162.987117,182.818005,117.241632,181.374039,-0.000748,-1.585485,32,-235.789456,182.636165,-0.26261,31.013921,0.676193,365663.3882,0.955356,19.742807,1.023981,3.735415,0.074769,0.070724,199.93812,32,216.838676,191.853781,193.880806,176.956765,32,170.521447,72.290675,67.12034,105.68758,55.974684,57.373194,22.022113,54.788138,31.735441,54.721222,59.637968,43.88845,40-100,1,Spool-0081,1,22.12.42-Mon.05.13.2019.csv
49.753417,59.662515,214.114955,183.240698,109.313424,92.241259,28.934768,14.227715,211.804738,2.620729,58.002597,50.478643,182.302823,216.100491,179.460996,211.855673,127.911075,210.620614,-0.000733,-1.419963,32,-235.780886,211.919843,-0.179057,34.301605,0.654674,335058.5341,0.926706,19.649403,1.120819,4.303787,0.069398,0.07067,224.262501,32,237.64911,209.324151,196.704903,196.600544,32,188.797811,72.382889,74.247427,113.377958,28.240506,48.857004,20.302254,54.242686,40.314385,41.928519,59.605265,47.409606,40-100,1,Spool-0081,1,23.58.14-Mon.05.13.2019.csv
37.735994,45.808419,161.831364,137.814453,81.728917,69.999546,21.935018,10.78522,160.092445,4.018937,42.773346,38.328779,137.134467,163.472934,135.072507,160.185515,96.800751,159.288092,-0.000556,-1.079851,24.256,-178.721205,160.127956,-0.122647,25.985864,0.496991,255230.2295,0.704144,15.454268,0.880115,3.250743,0.052875,0.054354,168.705826,24.256,178.962538,157.306411,147.74663,148.072437,24.256,142.00608,54.846379,56.185817,85.856685,21.406304,37.164169,15.389109,41.056071,30.558304,33.367095,45.182754,35.935231,40-100,1,Spool-0081,1,00.17.20-Tue.05.14.2019.csv
25.080683,30.280642,107.583945,91.01158,53.921623,46.633758,14.584511,7.171567,106.296174,2.947695,27.787383,25.490716,90.603924,108.695659,89.207966,106.385348,64.33299,105.795959,-0.000371,-0.71772,16.128,-118.832804,106.309222,-0.07642,17.282456,0.330755,169877.1358,0.468888,10.1099,0.574711,2.162005,0.035613,0.036563,110.217062,16.128,117.949584,104.354165,104.581881,97.594177,16.128,93.841108,36.487437,37.313763,57.153921,14.233215,24.728293,10.232336,27.375853,20.31845,22.609312,30.043118,23.906354,40-100,1,Spool-0081,1,00.30.00-Tue.05.14.2019.csv
49.770815,60.133139,138.89312,144.228568,108.971882,98.732744,29.162451,14.210897,134.792258,2.239752,59.456512,50.662351,143.398206,139.702766,141.128171,134.768298,96.7118,133.127492,-0.000707,-1.924825,32,-235.797442,135.231312,-0.212568,24.517759,0.688686,416744.4524,0.985037,20.102809,0.519741,2.790616,0.066702,0.070026,167.924141,32,183.663506,168.188235,170.089505,150.749565,32,146.275511,72.111968,61.822759,91.838355,10,44.164031,78.987342,55.178418,33.810127,27.659978,59.608067,37.208983,,1,Spool-0081,1,16.46.19-Tue.05.14.2019.csv
49.776828,60.13744,161.240038,155.857791,108.63731,97.211391,29.093528,14.208857,157.738916,3.062961,58.866799,50.668013,154.952667,162.508902,152.595816,157.868621,107.221523,156.472441,-0.000707,-1.758561,32,-235.799585,158.169338,-0.149166,27.597645,0.690849,391268.9206,0.972038,20.100175,0.796329,3.239272,0.094695,0.088567,183.815825,32,201.475567,181.741337,177.820543,163.956904,32,158.517537,72.361512,65.077087,99.168962,40,53.748212,78.987342,31.79997,33.810127,31.160792,59.63212,40.46651,,1,Spool-0081,1,18.01.27-Tue.05.14.2019.csv
49.725581,60.357603,186.170802,169.104381,116.691453,94.962898,29.017169,14.209685,183.363343,3.503215,58.348895,50.517245,168.031903,187.973044,165.489833,183.549733,117.619987,182.276251,-0.000702,-1.596926,32,-235.798739,183.668448,-0.023949,30.933914,0.677333,364102.7787,0.95369,20.376533,0.996713,3.744058,0.072923,0.068448,202.379342,32,221.744135,196.262869,164.438712,179.721505,32,173.397421,72.642948,69.141036,106.527124,50.873418,56.775265,78.987342,9.21138,34.810127,38.026115,59.646175,44.017165,,1,Spool-0081,1,19.40.21-Tue.05.14.2019.csv
28.883573,34.804491,107.909945,97.782854,67.789103,55.225137,16.830823,8.242822,106.255777,1.951147,33.649992,29.340206,97.171865,108.92154,95.698818,106.327099,68.150458,105.592531,-0.000407,-0.926949,18.56,-136.76208,106.429117,-0.0139,17.941443,0.39278,211589.2761,0.553168,11.568982,0.598442,2.166863,0.042579,0.039927,116.880271,18.56,128.294716,113.518405,100.595522,103.880851,18.56,100.244487,42.167152,40.26903,61.685554,29.506582,33.598667,45.812658,5.963779,20.189873,22.566601,34.59489,25.534106,,1,Spool-0081,1,19.54.55-Tue.05.14.2019.csv
49.777642,60.010387,213.47305,182.111416,100.823889,92.494172,28.937478,14.216925,211.283718,3.881293,57.463883,50.505446,181.1833,215.662342,178.475085,211.308642,127.670241,210.191695,-0.000691,-1.437701,32,-235.7915,211.375766,-0.023989,34.250317,0.65652,336805.2759,0.929521,19.973696,1.212726,4.288583,0.068953,0.068839,221.453085,32,236.014511,208.165431,152.086301,195.657124,32,187.869902,72.906512,71.45461,114.38575,50.582278,53.398569,43.419579,42.042768,35.810127,44.228264,59.609405,47.522951,,1,Spool-0081,1,20.49.49-Tue.05.14.2019.csv
49.827932,59.873731,213.352094,181.334803,104.356153,92.675305,28.9399,14.20789,211.047937,3.623872,57.613311,50.667158,180.460532,215.287695,177.503306,211.185862,127.22133,209.720273,-0.000716,-1.445116,32,-235.800605,211.008754,-0.362939,34.167087,0.658317,333393.756,0.929916,19.787157,1.495173,4.28206,0.070814,0.072675,220.776281,32,235.070336,207.661217,191.280636,194.397602,32,187.054201,69.084339,62.688808,113.920914,55.506329,45.466913,43.41,41.520992,34.81,41.130618,59.610052,46.752015,,1,Spool-0081,1,18.26.53-Wed.05.15.2019.csv
49.78389,59.736757,138.932991,143.854737,110.37785,98.678864,29.163625,14.225542,135.850639,1.991219,59.200328,50.646008,142.484843,138.9545,140.446385,135.78373,95.885523,133.725169,-0.000782,0.001245,32,-235.782097,136.046988,-0.025262,-40.000974,-0.421419,417549.2858,0.983143,19.695118,1.638441,2.79073,0.061697,0.07397,167.529158,32,183.426653,168.504385,169.981388,150.404456,32,145.938872,67.558896,64.757419,88.936217,8,36.538059,62.250614,79.380064,55.657165,23.548923,59.569396,36.562891,,1,Spool-0081,1,01.16.01-Thu.05.30.2019.csv
,,,,,,,,,,,,,,,,,,,,,,,,,,,,,,,,,,,,,,,,,,,,,,,,,,,,,,,,
Post Oil Separator Addition,,,,,,,,,,,,,,,,,,,,,,,,,,,,,,,,,,,,,,,,,,,,,,,,,,,,,,,,
49.773041,60.03382,138.852265,144.179675,101.816431,98.840329,29.163336,14.2539,138.627606,1.405848,59.724076,50.625262,142.758805,138.913785,141.179551,138.727738,96.018475,137.057656,-0.000741,0.001429,32,-235.753764,138.884645,-0.150298,-40.000978,-0.422323,418426.5757,0.985778,20.000455,3.123339,2.789704,0.06243,0.07659,167.958514,32,182.826763,168.541551,161.010116,150.775073,32,146.458324,67.2818,62.71983,90.758089,0.281321,51.740504,70.873418,60.061648,33.3,28.581798,59.559143,36.594653,,1,Spool-0081,1,15.15.07-Thu.05.30.2019.csv
49.794451,59.841642,161.182958,155.602797,99.332616,97.631566,29.092467,14.246013,161.326498,2.633497,58.744172,50.688311,153.968005,161.867896,152.260579,161.502403,106.442734,159.951367,-0.000736,0.00154,32,-235.761661,161.5361,-0.025016,-40.001028,-0.477974,394085.05,0.975133,19.786295,3.077972,3.236934,0.077538,0.102545,183.399192,32,201.225006,182.048972,164.950096,163.849236,32,158.3081,67.716534,63.560034,99.135371,0,44.39257,55.949367,50.929725,30.556962,58.356486,59.581722,39.889047,,1,Spool-0081,1,16.39.58-Thu.05.30.2019.csv
49.783881,59.982627,186.213212,168.575023,111.665868,95.280892,29.015745,14.237122,186.572443,3.563615,57.949281,50.609363,166.759319,187.513414,164.826053,186.914314,117.235738,185.42154,-0.000736,-1.728497,32,-235.770479,186.794219,-0.02496,-40.00103,-0.524523,365585.1243,0.954756,19.939208,2.594976,3.740472,0.068159,0.077888,201.799006,32,221.615507,196.458688,133.814622,179.363006,32,172.994096,67.658175,65.251379,107.275655,0.141096,41.011034,55.949367,31.552304,32.556962,65.953476,59.625477,43.406147,,1,Spool-0081,1,17.35.21-Thu.05.30.2019.csv
49.780497,59.692456,213.43568,181.996316,108.532074,92.610885,28.93517,14.228922,214.095918,3.812023,56.686555,50.572604,180.191881,215.459745,178.065169,214.368726,127.509338,212.906924,-0.000732,-1.696417,32,-235.778713,214.208811,-0.02492,-40.001073,-0.562228,337192.0202,0.929933,19.651185,2.317043,4.287541,0.057892,0.067732,221.847413,32,236.462758,208.801625,108.916511,195.633218,32,187.707272,68.363459,68.734915,115.113526,12.911392,47.261777,35.189873,43.26724,27.17896,30.237122,59.611254,46.890758,,1,Spool-0081,1,18.58.11-Thu.05.30.2019.csv
54.787347,65.082099,138.780153,142.518287,111.595124,108.864956,29.162556,14.227104,138.163048,0.724649,64.621945,55.864606,141.175691,138.683704,139.786606,138.390614,96.045745,136.124989,-0.000715,0.002026,32,-235.78156,138.607578,-0.211773,24.805443,0.679564,464494.4513,0.989942,20.045585,2.645955,2.533096,0.049109,0.040107,164.512134,32,178.714649,166.20038,167.166037,149.085131,32,144.457316,67.60263,64.475742,89.884175,3.152144,54.875377,87.13597,74.543221,31.186884,49.945861,59.569538,36.909379,,1,Spool-0081,1,22.24.01-Sun.06.02.2019.csv
54.792057,64.938443,161.190077,150.626228,120.755615,107.351459,29.478435,14.221514,160.776474,2.670728,61.053705,55.904917,149.293571,161.571236,147.932311,161.191533,106.741762,158.943218,-0.000701,0.002069,32,-235.786995,160.884327,-0.235133,27.861787,0.693198,436207.4005,0.965685,19.898015,2.346046,2.941961,0.30092,0.396749,176.893112,32,192.708894,174.072561,176.881129,158.73828,32,153.253273,67.550304,63.306543,98.190337,3.620253,44.39288,61.74408,54.938454,24.746835,46.316792,59.58994,40.087327,,1,Spool-0081,1,16.02.06-Mon.06.03.2019.csv
54.78882,65.31034,213.4764,179.1891,116.2575,101.841,28.92914,14.2473,213.7592,1.537336,62.51527,55.74287,177.2434,215.3469,175.2541,214.2487,103.2457,212.4505,-0.00069,0.002521,32,-235.761,214.0686,-0.02489,34.71867,0.666328,422051,0.934102,20.27241,26.42237,3.896437,0.051275,0.035432,219.6185,32,235.4551,205.8027,139.3575,191.1368,32,183.8451,67.78838,66.68911,116.4909,17.01266,49.99291,45.12658,49.62456,21.87342,16.77544,59.59498,47.26305,,1,Spool-0081,1,05.03.55-Tue.06.04.2019.csv
54.785,65.01902,185.9647,164.9244,118.4593,105.0512,29.02079,14.24571,186.0107,1.410197,62.85271,55.83327,163.2579,187.1966,161.5486,186.4251,92.2541,184.5707,-0.0007,-1.09889,32,-235.763,186.4085,-0.02478,30.95317,0.69218,456534.6,0.959865,19.98737,27.25127,3.394625,0.041631,0.01857,196.2865,32,214.2872,191.5278,180.1923,174.2238,32,168.0377,67.89008,64.1562,107.1476,5.852952,43.93584,45.12658,69.57851,17.87342,17.37476,59.62035,43.35984,,1,Spool-0081,1,06.53.53-Tue.06.04.2019.csv
54.82838,64.85059,119.1043,131.4346,121.4162,110.1245,29.22774,14.23093,117.7939,0.583575,64.5675,55.89329,130.2784,118.185,129.0966,117.8536,71.3033,115.594,-0.0007,-0.15102,32,-235.778,118.2792,-0.0248,21.77177,0.652092,521381.2,0.997713,19.77536,16.84714,2.172296,0.051906,0.052675,149.9107,32,162.2245,151.9561,152.689,136.222,32,132.9774,67.49032,59.20879,82.20387,4.801598,44.57168,83.78564,64.6145,17.87342,18.77392,59.54089,33.90185,,1,Spool-0081,1,08.10.29-Tue.06.04.2019.csv
54.78876,65.33023,101.48,120.2307,114.1145,110.9223,29.30899,14.18564,99.74647,-0.00093,65.47393,55.82854,119.214,99.86049,118.1614,99.62384,63.00228,97.08403,-0.0007,0.002348,32,-235.823,100.2602,-0.02484,18.17813,0.624424,543331.3,1.004248,20.29284,14.35955,1.852201,0.066607,0.042468,135.6192,32,146.3309,135.6147,137.6788,123.5823,32,121.1708,66.83444,56.38123,72.94933,24.01266,36.6999,83.78564,67.83141,17.87342,19.40237,59.55617,30.14292,,1,Spool-0081,1,09.24.33-Tue.06.04.2019.csv
54.68725,64.93574,85.68033,108.4175,113.4476,111.7822,29.39266,14.21887,83.61582,-0.00098,65.27106,55.69903,107.5329,83.61883,106.7186,83.37346,57.30396,80.39604,-0.0008,0.002475,32,-235.789,84.15044,-0.1538,14.63461,0.567198,559079.8,1.010199,19.99731,8.903378,1.566812,0.06741,0.054047,120.8379,32,131.3646,119.9018,122.4734,110.3743,32,108.764,66.37134,56.36751,63.88557,0.130849,57.73976,83.78564,88.60043,17.87342,22.94498,59.60907,26.43627,,1,Spool-0081,1,11.38.44-Tue.06.04.2019.csv
49.97617,59.98097,138.9806,143.638,111.5215,99.39315,29.42045,14.25997,138.7173,0.236239,59.77679,50.8505,142.0884,139.0047,140.4483,138.9245,79.91106,136.9429,-0.00069,0.000912,32,-235.749,139.1067,-0.6272,24.45989,0.69185,450921.4,0.970272,19.73277,19.17583,2.780843,0.041151,0.022308,166.8921,32,182.2583,167.5056,168.9669,150.2678,32,145.7777,67.24003,60.77371,92.85372,0,46.22083,45.47526,81.30811,25.13924,24.77815,59.5642,36.56541,,1,Spool-0081,1,20.07.38-Tue.06.11.2019.csv
49.77741,59.9247,138.8849,143.1199,110.0304,99.12112,29.61317,14.28536,138.6084,1.248786,58.38091,50.75734,141.7067,138.9827,140.2439,138.8316,80.56351,136.9491,-0.00072,0.000325,32,-235.723,138.8191,-0.62819,24.54515,0.690096,448487.6,0.972207,19.88684,18.52586,2.790102,0.038217,0.020969,166.577,32,182.5016,166.7842,166.7101,149.7928,32,145.0203,67.38201,62.34405,92.63273,0,49.48371,45.47526,74.02919,19.14751,35.78247,59.55522,36.60895,,1,Spool-0081,1,23.23.10-Tue.06.11.2019.csv
54.79412,85.08257,138.8906,163.0846,103.6898,102.0439,29.67778,14.28334,138.3522,0.650318,85.13942,55.59886,161.2241,139.0432,159.2615,138.5691,78.9867,136.6514,-0.00069,0.000696,32,-235.725,138.8092,-0.67553,24.62134,0.677706,495442.6,0.959492,40.0385,19.95981,2.534807,0.053681,0.046039,186.5321,32,200.7643,188.323,189.4341,170.0351,32,165.5291,68.17084,59.90368,94.62791,14.47449,47.78831,58.4802,55.1037,7.78034,46.55466,59.56609,36.69698,40-100,1,Spool-0081,1,14.48.01-Wed.06.12.2019.csv
54.79293,84.58471,161.1772,172.9724,102.3914,100.7847,29.63055,14.28035,160.9319,1.144061,83.82986,55.61174,170.9592,161.9318,168.934,161.3008,87.65624,159.5649,-0.00068,-1.16311,32,-235.728,161.3448,-0.45239,27.52435,0.694977,472289.4,0.948133,39.54394,21.69847,2.941667,0.047421,0.021492,200.6332,32,217.9798,199.7742,202.4044,181.8902,32,175.9612,68.24127,61.86022,103.4528,33.62025,51.08424,58.4802,31.54096,17.78034,46.24869,59.58836,39.8143,40-100,1,Spool-0081,1,15.51.54-Wed.06.12.2019.csv
54.76357,85.09426,186.0472,186.033,108.9596,98.64878,29.39129,14.27221,186.2293,0.904806,84.47977,55.56628,183.752,187.3001,181.4126,186.5225,96.55186,184.9577,-0.00069,-1.78574,32,-235.736,186.4987,-0.35309,30.79492,0.691034,446570.8,0.92973,40.08132,23.10118,3.397316,0.041522,0.00458,219.9434,32,237.8264,213.8151,218.3044,197.5054,32,190.4783,68.02753,63.4626,111.9512,60.68636,53.48251,53.4802,12.28966,19.78034,48.1965,59.62443,43.20047,40-100,1,Spool-0081,1,17.01.44-Wed.06.12.2019.csv
54.78854,85.16212,213.621,199.6194,99.43939,96.21456,29.37803,14.27352,214.454,1.124726,83.92651,55.6595,196.8709,215.4879,194.2176,214.4279,106.1445,213.065,-0.00069,-1.70591,32,-235.735,214.2691,-0.28119,34.46729,0.670633,418436.7,0.905988,40.12412,23.73655,3.899037,0.061266,0.01531,241.3739,32,257.6222,227.8841,234.3889,213.4886,32,205.3724,68.62811,66.00816,120.1693,87.59919,55.06433,28.19648,39.55409,24.91925,45.87945,59.60558,47.05218,40-100,1,Spool-0081,1,18.13.55-Wed.06.12.2019.csv
61.13404,85.46693,85.98945,120.9849,122.1023,119.3317,29.63971,14.35035,83.66855,1.725927,86.21115,62.20649,119.8262,83.44136,118.7413,83.12578,55.28857,79.19657,-0.00018,0.000258,32,-235.658,83.68925,-0.54968,13.39176,0.522912,630506.6,0.996559,34.57594,10.05182,1.406569,0.036177,0.02351,133.0944,32,143.1071,131.7251,134.2101,122.8902,32,121.5282,67.3123,54.84008,62.0649,0,51.23968,100,96.87983,24.79694,21.25922,59.61647,25.15239,High Superheat,1,Spool-0081,1,10.10.22-Thu.06.13.2019.csv
54.704462,85.242365,85.876899,128.562892,107.982227,104.599232,29.601168,14.351122,83.799922,0.976924,85.760141,55.607365,127.282312,83.73574,125.978059,83.477115,55.770607,80.493956,-0.001741,0.000544,32,-235.657403,83.716666,-0.605695,14.427749,0.570051,554068.0801,0.987221287,40.285502,10.507706,1.569831,0.048892,0.030168,142.749808,32,153.11279,141.818576,144.303514,131.224235,32,129.509804,67.349758,54.899025,64.336918,5.063291,49.177463,63.714156,66.381912,20.450914,18.19173,59.60734,26.146039,High Superheat,1,Spool-0081,1,11.11.06-Thu.06.13.2019.csv
55.143759,85.391691,101.599557,139.142258,108.36966,104.972036,29.472425,14.346361,100.010099,0.100089,85.889889,56.017738,137.62148,100.118269,135.980448,99.906266,62.253889,97.473496,-0.000685,0.000577,32,-235.662147,100.285376,-0.646283,17.725086,0.632864,543135.642,0.982865347,40.010842,15.350767,1.842427,0.056167,0.033585,155.288792,32,165.868301,155.201716,157.526951,142.723881,32,140.795991,67.514343,55.855524,75.489367,67.567731,41.260277,61.714156,11.41392,20.693914,18.453435,59.569616,29.52294,High Superheat,1,Spool-0081,1,12.13.48-Thu.06.13.2019.csv
54.782226,85.020533,119.097904,150.887991,111.166862,103.365866,29.572393,14.334269,118.310178,0.911697,85.046539,55.786706,149.227785,118.693919,147.494168,118.336084,70.1897,116.23578,-0.000692,0.000681,32,-235.674285,118.473654,-0.619704,21.255618,0.662273,518928.1272,0.973529283,39.987145,18.311604,2.174045,0.061194,0.052539,170.448913,32,182.638613,172.30748,173.35425,155.527865,32,152.846037,67.889484,57.418052,85.391247,99.221791,35.197219,45.821277,19.34794,22.641242,20.793077,59.535836,33.187012,High Superheat,1,Spool-0081,1,13.42.03-Thu.06.13.2019.csv
54.800615,84.997136,138.934788,162.92639,103.921609,102.115007,29.303128,14.309475,138.552682,0.473983,85.224218,55.619531,160.991507,139.284985,159.074956,138.757038,78.81416,136.893136,-0.000691,-1.600056,32,-235.698965,139.050722,-0.729437,24.440113,0.6832,497097.8034,0.9699826,39.947676,20.248502,2.535269,0.052196,0.038002,186.457453,32,200.258055,187.693356,189.139995,169.152054,32,165.599522,68.018853,60.126792,95.272961,45.433343,44.965439,55.90453,51.344213,28.131754,22.340536,59.538486,36.450268,High Superheat,1,Spool-0081,1,15.52.54-Thu.06.13.2019.csv
54.777171,85.010182,138.883573,162.803149,103.856071,102.037212,29.185967,14.302096,138.550372,0.647056,85.066343,55.604305,160.89665,139.239086,159.003457,138.747312,78.777787,136.854856,-0.000693,-1.981272,32,-235.706412,138.983773,-0.56599,24.434152,0.682951,495734.5672,0.962198498,39.982013,20.266192,2.535439,0.051668,0.037238,186.456417,32,200.339666,187.694932,189.172235,169.065981,32,165.446367,68.192774,60.006212,95.147035,45.433343,44.91011,55.90453,51.518357,28.131754,22.385697,59.541274,36.473751,SH Sweep,1,Spool-0081,1,16.39.49-Thu.06.13.2019.csv
54.761851,89.956681,138.853269,163.870667,102.136408,101.162382,29.42017,14.296306,138.12728,3.031593,86.908745,55.776543,162.167987,139.004721,160.425242,138.477963,78.411361,136.51499,-0.000682,-1.990575,32,-235.712223,138.025975,-0.497657,24.536122,0.682838,498765.7626,0.963747252,44.944151,20.468786,2.535601,0.050807,0.040357,186.549525,32,202.616996,188.384973,189.95471,171.58919,32,166.89881,68.275079,59.930867,95.467149,45.433343,43.820161,55.90453,51.391776,28.082788,20.155631,59.541268,36.579937,SH Sweep,1,Spool-0081,1,17.22.24-Thu.06.13.2019.csv
54.788274,95.120528,138.973307,171.509624,100.983759,99.737893,29.619461,14.287324,138.483623,1.313821,94.526073,55.689532,169.554657,139.394169,167.498474,138.769019,78.366053,136.986713,-0.000694,-2.006616,32,-235.721327,138.817014,-0.474636,24.491442,0.683375,498576.9,0.960733,50.083613,20.741757,2.536556,0.052763,0.040663,194.498109,32,209.47234,196.783711,198.14565,178.909453,32,174.695762,67.997163,60.273193,96.271724,45.433343,42.140813,55.90453,50.336634,25.018169,23.841675,59.541093,36.5237,SH Sweep,1,Spool-0081,1,18.20.30-Thu.06.13.2019.csv
54.80381,80.220535,138.98234,158.143534,106.110763,103.597041,29.674687,14.190254,138.423421,0.687474,80.196148,55.668189,156.383405,139.015271,154.570277,138.503148,78.963684,136.667789,-0.000699,0.000666,32,-235.818236,138.818489,-0.619502,24.740207,0.676491,496426.7995,0.962413,35.168616,19.990602,2.536033,0.050581,0.039775,181.76545,32,195.896897,182.932759,184.336275,165.021813,32,160.579642,67.81072,59.755334,94.746968,82.952979,53.81585,58.720655,50.446267,17.294105,51.876331,59.538596,36.802171,SH Sweep,1,Spool-0081,1,13.34.15-Fri.06.14.2019.csv
54.849713,75.326782,139.280092,152.729448,108.217885,105.639842,29.678182,14.179198,138.603506,0.924006,74.896247,55.803252,151.118428,139.274446,149.405636,138.814287,79.701143,136.881113,-0.000691,0.000618,32,-235.829304,139.072472,-0.597985,24.824464,0.679508,497940.3291,0.968316,30.228625,19.356421,2.539261,0.052062,0.038436,175.906879,32,190.284124,177.276326,178.596652,159.727455,32,155.116188,68.06293,61.010259,94.04941,80.0693,56.550032,55.851795,56.989198,24.197028,34.613761,59.548315,36.981948,SH Sweep,1,Spool-0081,1,14.50.13-Fri.06.14.2019.csv
54.78852,69.858245,138.80271,147.771951,111.635433,107.379294,29.68947,14.174425,138.220912,0.643217,69.510351,55.769205,146.311369,138.761083,144.831458,138.297829,80.42081,136.36518,-0.000694,-1.269632,32,-235.834244,138.638077,-0.466593,24.83481,0.678613,496981.742,0.971318,24.821435,18.386992,2.533493,0.051775,0.038415,170.884925,32,184.959437,172.049032,173.361088,154.391544,32,149.806215,68.078884,62.669752,93.326422,48.024684,54.876235,55.851795,58.695124,28.217685,32.657137,59.55284,36.993487,SH Sweep,1,Spool-0081,1,15.45.38-Fri.06.14.2019.csv
54.784469,64.772642,138.825382,142.607611,119.153328,109.126877,29.686927,14.171885,138.240196,0.461873,64.416781,55.829277,141.256846,138.706087,139.903152,138.297281,81.099789,136.324635,-0.000696,-1.936154,32,-235.836591,138.663523,-0.389309,24.845933,0.679804,496386.3869,0.974094,19.741414,17.688666,2.534139,0.0477,0.033236,165.089817,32,178.926825,166.32719,167.356587,149.135388,32,144.509145,68.018696,64.020811,92.786325,43.047029,57.267749,55.851795,59.8685,31.292596,30.549921,59.552478,36.992594,SH Sweep,1,Spool-0081,1,16.26.54-Fri.06.14.2019.csv
54.783852,59.796273,138.83055,136.961969,122.538041,110.584435,29.688135,14.161819,138.267991,0.689771,58.963521,55.852581,135.700712,138.634588,134.441294,138.32604,80.175649,136.270821,-0.000688,-2.06552,32,-235.846753,138.639315,-0.34311,24.78467,0.680764,497753.7597,0.973772,14.763478,18.58641,2.534128,0.048536,0.03283,158.669497,32,172.852954,159.99822,161.021552,143.202467,32,138.668575,67.876459,61.629559,92.656158,7.632911,40.528387,55.851795,60.613417,33.948867,25.089335,59.549286,36.892255,SH Sweep,1,Spool-0081,1,17.33.12-Fri.06.14.2019.csv
54.811331,85.192756,138.790138,162.864606,104.857281,102.115318,29.523853,14.213156,138.305152,0.470988,85.54118,55.633395,161.010765,138.923247,159.036437,138.507711,79.012713,136.614488,-0.000683,0.000574,32,-235.795444,138.791242,-0.59479,24.354197,0.685056,495874.4651,0.962369413,40.137173,19.914631,2.532328,0.055485,0.046413,185.919117,32,199.136708,188.294683,188.986872,169.236578,32,165.314145,68.107018,60.116002,95.084665,51.610185,46.873139,53.924051,45.188905,25.823226,25.074594,59.557959,36.490903,Speed,1,Spool-0081,1,17.26.48-Mon.06.17.2019.csv
54.78305,84.941268,138.925158,161.551228,98.699671,96.448492,29.545094,14.203085,138.473884,0.842394,84.714446,55.675281,159.655621,139.149134,157.653066,138.732241,78.255503,137.023737,-0.000683,0.000694,32,-235.805179,138.956462,-0.62308,22.860049,0.690005,469455.6797,0.910982,39.908637,20.869768,2.53594,0.050292,0.042736,185.249071,32,199.098938,187.918186,188.83553,168.732163,32,165.116357,68.239993,58.850111,95.598315,51.610185,42.007081,53.924051,37.790035,25.823226,15.520024,54.694141,34.58065,Speed,1,Spool-0081,1,18.21.48-Mon.06.17.2019.csv
54.792762,85.066371,139.006856,161.186947,84.125139,82.320933,29.626782,14.203659,138.709387,0.862305,84.610689,55.252741,159.262658,139.443566,156.928014,139.059508,76.799678,137.696591,-0.000689,0.000952,32,-235.804191,139.211436,-0.51197,19.555909,0.688955,403128.3229,0.774622649,40.024229,22.649404,2.536953,0.030729,0.014781,183.322509,32,197.132583,185.252055,186.658068,168.597309,32,165.186895,68.290446,57.128115,96.272017,100,38.366022,45.748073,25.309037,20.52489,7.040277,49.75445,30.806223,Speed,1,Spool-0081,1,19.27.00-Mon.06.17.2019.csv
54.783057,85.149249,138.919234,161.636942,76.34857,73.496029,29.072524,14.203478,138.759901,0.541377,85.146336,55.101568,159.598642,139.491747,156.922183,139.122971,75.638884,137.934938,-0.000691,0.000775,32,-235.804181,139.307045,-0.41321,17.486918,0.687688,361627.3513,0.692379625,40.116181,23.923661,2.535812,0.061691,0.03983,183.858967,32,195.040879,186.900643,187.752636,169.724766,32,165.401838,68.24922,55.886181,96.466257,99.917531,32.678532,35.904339,21.789537,14,6.753152,44.819981,28.363775,Speed,1,Spool-0081,1,20.17.22-Mon.06.17.2019.csv
60.171933,85.139718,138.985673,156.696609,115.264487,113.610924,29.405264,14.22028,138.17794,0.606132,85.313455,61.130463,155.084568,138.85389,153.467998,138.300088,79.34278,136.148251,-0.000682,0.000488,32,-235.78843,138.721692,-0.534748,24.711848,0.66826,547950.4288,0.965622074,35.107157,19.360798,2.309868,0.064728,0.05236,179.148442,32,191.64564,181.067016,181.88723,162.939636,32,158.91852,67.724454,60.847687,94.425784,51.281359,49.606131,70.886076,33.347707,26.55526,26.518696,59.537038,36.826221,,1,Spool-0081,1,13.01.06-Tue.06.18.2019.csv
49.755085,85.146014,138.897186,169.302704,93.180117,91.512307,29.426029,14.213347,138.259772,0.883797,84.815088,50.493443,167.254436,139.192689,165.081735,138.614532,79.491914,137.13152,-0.000687,0.000869,32,-235.795207,138.9144,-0.615172,24.326105,0.687437,445825.6348,0.955926149,45.132413,19.684875,2.791673,0.064233,0.055334,194.11711,32,210.551398,194.728044,196.62787,177.519023,32,172.525186,68.431061,61.625704,96.003947,51.281359,46.768307,44.429198,23.01888,24.55526,19.761524,59.550315,36.496121,,1,Spool-0081,1,14.04.10-Tue.06.18.2019.csv
40.786807,85.105749,138.956082,184.460063,81.063533,73.387979,29.460443,14.204034,138.54028,0.671205,84.813771,41.267088,181.595002,139.599942,178.496787,138.874941,79.315483,137.876858,-0.000686,0.000728,32,-235.804442,139.300417,-0.63818,23.784359,0.68882,361327.1209,0.948983953,55.103,20.219503,3.406956,0.055022,0.027493,213.234364,32,230.308817,211.468487,213.81699,193.706613,32,188.489148,68.854837,61.704966,97.209243,56.281359,43.951677,28.886618,4.439393,22.55526,17.042043,59.557373,35.960947,,1,Spool-0081,1,15.06.31-Tue.06.18.2019.csv
33.149678,85.050921,138.904975,199.293727,63.767938,58.503022,29.493992,14.181571,138.563427,0.701906,84.175944,33.517203,195.523709,139.834095,191.242108,138.929209,78.295734,138.337219,-0.00068,-2.016476,32,-235.826803,139.4057,-0.436232,22.637693,0.68878,291840.9194,0.940228955,65.015,21.458861,4.190254,0.020201,0.027298,227.734783,32,245.367847,227.165541,228.782023,209.96312,32,204.081658,68.732846,60.536549,99.408093,79.689902,40.62203,30.202598,35.685232,9.74246,26.754108,59.556384,34.803097,,1,Spool-0081,1,16.35.11-Tue.06.18.2019.csv
16.661912,30.149438,139.029145,207.711958,33.278607,31.496453,29.678851,14.156095,138.676244,0.555889,21.354341,16.322326,200.401356,140.116138,192.302289,139.302178,76.841785,138.812958,-0.000686,-1.927107,32,-235.852179,139.560239,-0.348638,19.53914,0.598235,141540.1263,0.916477,40.075571,23.140378,8.344479,0.025579,0.018003,236.192884,32,242.71813,227.905607,227.346709,220.595119,32,211.787429,68.414328,57.136298,99.15123,99.442053,34.002139,34.100606,34.544339,17.581759,31.984046,59.54418,31.543659,-10,1,Spool-0081,1,18.50.38-Tue.06.18.2019.csv
21.160765,39.743803,138.861469,194.758956,42.674823,40.018251,29.676351,14.15616,138.541205,0.528121,34.541791,21.130316,189.980614,139.836004,184.117423,139.066233,84.301778,138.490691,-0.000692,-1.962203,32,-235.852227,139.361248,-0.35284,20.719509,0.635722,177118.6177,0.928917,39.756593,15.528698,6.562798,0.025067,0.006516,223.527108,32,232.149263,215.593888,216.878142,206.929088,32,198.608541,68.319332,58.909573,98.219286,98.905504,40.363316,34.100606,46.671782,20.467553,46.525454,59.543573,32.740081,0,1,Spool-0081,1,19.49.43-Tue.06.18.2019.csv
26.627379,48.214014,138.622213,181.604265,58.863247,50.287032,29.677073,14.148615,138.38211,0.390506,45.969186,26.832983,178.2723,139.513493,173.972641,138.893291,91.551512,138.03911,-0.000689,0.000826,32,-235.859813,139.183142,-0.713081,21.627836,0.669234,218488.1749,0.936047,38.222404,8.055931,5.206458,0.018786,0.023421,211.490175,32,223.590962,205.411419,207.362925,192.469734,32,186.151306,68.835222,61.338024,95.101868,62.877132,44.303173,34.177215,50.657758,25.822295,39.876757,59.546665,33.683901,10,1,Spool-0081,1,15.11.32-Wed.06.19.2019.csv
26.650437,47.59623,139.05777,180.993466,61.428412,50.421091,29.675097,14.143982,138.71861,0.394175,45.094279,26.821369,177.621965,139.853124,173.354627,139.258576,89.636779,138.433531,-0.000687,0.001042,32,-235.86442,139.556225,-0.583778,21.680941,0.669242,220400.3533,0.936374,37.564533,10.160515,5.218139,0.02049,0.024096,210.873415,32,223.043988,204.770747,206.7405,191.955153,32,185.554208,68.728387,60.107722,95.52242,62.877132,42.346826,34.177215,50.685452,25.822295,33.430511,59.546124,33.735,10,1,Spool-0081,1,15.47.20-Wed.06.19.2019.csv
33.200002,59.964953,139.159602,175.638868,66.396751,62.013377,29.555517,14.130706,138.745485,0.372573,59.225865,33.519281,172.466136,139.847939,169.109508,139.242558,94.449807,138.187915,-0.000663,0.001132,32,-235.877735,139.601272,-0.382103,22.737598,0.685366,271630.0454,0.940209255,39.86081,5.232444,4.191717,0.017974,0.02805,207.322634,32,223.250347,203.036442,205.233599,185.201346,32,179.958294,68.559171,59.678913,96.076677,83.078296,46.344669,45.909701,55.06682,45.208625,21.635173,59.547679,34.80024,20,1,Spool-0081,1,17.39.35-Wed.06.19.2019.csv
40.752299,69.969693,138.606221,170.728544,77.015088,75.578737,29.68262,14.124138,138.055791,-0.000713,69.783934,41.216341,168.267243,139.11378,165.793931,138.504138,96.347579,137.029059,-0.000665,0.001175,32,-235.884268,138.900357,-0.343731,23.673967,0.686092,333642.5301,0.942964,40.008766,2.780388,3.401363,0.038414,0.027241,198.787346,32,216.69923,197.721653,199.931225,179.553565,32,174.135417,68.571588,61.121277,95.991867,100,53.198113,60.725242,61.086431,57.999812,45.71,59.548961,35.780682,30,1,Spool-0081,1,18.26.02-Wed.06.19.2019.csv
40.816778,70.320757,138.967944,167.429921,77.341919,76.422662,29.154815,14.147945,138.273088,1.358312,67.821774,41.600093,165.1487,139.353384,162.772299,138.894708,79.579168,137.699697,-0.000676,0.001173,32,-235.860464,138.935818,-0.520267,23.818161,0.690642,361487.6243,0.969959,40.279202,19.871381,3.404818,0.029798,0.017755,195.522918,32,212.021779,192.735069,194.957572,176.539142,32,171.368389,65.981614,60.590699,94.002298,48.827603,45.244625,38.801977,78.582217,12.960503,29.480124,59.512274,35.664873,,1,Spool-0081,1,13.27.12-Thu.06.20.2019.csv
49.772417,79.886837,138.710895,163.344487,92.686527,92.814731,29.150447,14.139037,137.771366,1.308125,78.532648,50.679406,161.490129,138.822668,159.644115,138.30177,80.678301,136.706014,-0.000675,-0.390059,32,-235.869413,138.450438,-0.51467,24.260657,0.688762,443743.6059,0.973848,39.857917,18.293267,2.786984,0.05941,0.044262,187.625621,32,204.595855,187.954029,189.895427,171.403145,32,166.175355,65.969362,61.551273,93.874186,59.548,51.291642,68.192414,77.255946,27.873584,22.188332,59.508646,36.065743,,1,Spool-0081,1,14.26.47-Thu.06.20.2019.csv
49.785456,80.031036,138.99882,163.111906,92.732068,92.839533,29.15092,14.128063,138.05958,1.340578,78.72186,50.670802,161.259387,139.132557,159.354005,138.500017,81.054163,136.956764,-0.000662,-2.052666,32,-235.880457,138.708755,-0.598499,24.282643,0.689807,443373.4494,0.974164,39.986454,18.039052,2.792087,0.058491,0.044648,187.433562,32,204.284835,187.763473,189.686622,171.34456,32,166.11406,67.409118,62.362929,94.867098,59.548,51.668848,68.192414,76.96854,27.873584,22.510015,59.525715,36.297704,,1,Spool-0081,1,15.58.27-Thu.06.20.2019.csv
49.769963,80.089576,138.944679,163.197353,92.697577,92.804621,29.150059,14.123906,137.969974,1.339175,78.778404,50.672731,161.360109,139.07141,159.439311,138.496581,81.173516,136.892227,-0.000664,-2.058331,32,-235.884473,138.670442,-0.622104,24.274219,0.68986,443073.3947,0.974304,40.062335,17.889036,2.791899,0.061268,0.04672,187.573076,32,204.469756,187.849615,189.7716,171.437008,32,166.20921,67.580005,62.60303,94.485063,59.548,52.267173,68.192414,76.969182,27.873584,23.166115,59.528483,36.303962,,1,Spool-0081,1,16.23.48-Thu.06.20.2019.csv
60.180753,89.812634,138.61327,160.116326,112.973611,112.199776,29.146273,14.116231,137.277203,1.276605,89.348668,61.19567,158.515325,138.338007,156.854828,137.738422,78.65735,135.659055,-0.000652,-2.066668,32,-235.892235,137.979665,-0.623779,24.581943,0.669279,549567.6896,0.981019,39.771048,19.808103,2.303349,0.068001,0.047053,181.662354,32,195.354386,184.447424,185.070916,166.728154,32,162.668128,67.955756,60.115685,94.870892,70.126582,50.836318,88,71.016858,33.164557,51.82019,59.535162,36.645679,,1,Spool-0081,1,17.54.19-Thu.06.20.2019.csv
26.869052,53.7576,134.843318,176.240092,52.753769,50.08283,29.025161,14.114615,134.320883,1.413185,48.405077,27.219933,172.786207,135.455758,168.165327,135.001626,80.488751,134.23999,-0.000652,-2.07605,32,-235.893648,135.053486,-0.62796,21.168222,0.738618,NaN,Inf,43.622254,17.28212,5.073403,0.018965,0.019835,203.445348,33.079755,216.706616,199.127079,200.905872,187.676221,32,181.429768,67.91471,56.853157,95.338031,79.443567,40.109803,8.501921,67.460133,13.843958,98.832815,59.126359,33.160512,,1,Spool-0081,1,18.37.10-Thu.06.20.2019.csv
26.667824,49.923884,138.970254,176.301973,52.514461,50.629982,29.192747,14.108186,138.279001,1.661462,40.805709,26.99536,173.292522,139.621146,169.33122,139.071583,83.455795,138.313161,-0.000662,0.000896,32,-235.900112,139.096789,-0.609669,21.796806,0.671657,228316.9378,0.960308,39.85817,16.286642,5.211217,0.013172,0.020029,204.090356,32,216.501727,198.557067,200.407465,187.66659,32,180.751184,68.348369,59.261153,96.268869,100,44.823102,49.378617,41.306003,27.872635,44.296051,59.538111,33.738064,wtf,1,Spool-0081,1,13.11.05-Fri.06.21.2019.csv
21.182614,39.956124,138.837305,186.741594,56.778158,40.360231,29.20674,14.109621,138.191546,1.396601,27.652302,21.133536,182.337471,139.663888,176.571006,139.096331,78.286162,138.481965,-0.000661,0.001657,32,-235.898556,139.128415,-0.603823,20.816727,0.637986,182953.4572,0.951326,39.932768,21.537101,6.554367,0.024161,0.003566,214.557448,32,223.134143,206.494773,207.676331,199.113428,32,190.528191,68.450305,58.601406,96.926519,99.618433,40.421301,38.123582,37.835974,27.323999,32.953311,59.540548,32.728479,wtf,1,Spool-0081,1,14.30.06-Fri.06.21.2019.csv
16.660592,29.566196,138.894836,197.665142,54.061758,31.552151,29.228133,14.112781,138.367362,1.309095,10.426617,16.067166,190.800831,139.89522,183.67212,139.20445,83.124348,138.730081,-0.000663,0.001193,32,-235.895487,139.308934,-0.595109,19.343059,0.604237,138186.2028,0.931032,39.499403,16.807605,8.337026,0.007265,0.002858,225.308537,32,231.305177,216.749954,215.875135,210.398456,32,201.57302,68.084221,57.381012,97.294032,99.057308,35.420472,29.164108,33.236983,27.717737,27.190188,59.543764,31.237233,0-100-40SH,1,Spool-0081,1,18.59.58-Fri.06.21.2019.csv
51.877425,81.897006,93.364956,134.94157,100.011519,99.455512,29.340127,14.225923,92.005945,-0.000638,82.380199,52.644371,133.533558,92.096281,132.001095,91.826073,59.845642,89.595661,-0.000607,0.002233,32,-235.782437,92.477097,-0.342424,16.362166,0.622779,515965.8128,0.996068,39.718521,12.70564,1.79969,0.05641,0.033659,150.823563,32,161.331271,150.069964,152.537425,137.870904,32,135.882035,66.628917,56.126039,71.591621,0.229227,43.757347,100,83.08614,20.744459,71.831924,59.576772,28.11435,,1,Spool-0081,1,00.14.10-Thu.07.18.2019.csv
51.756006,82.142221,101.7079,141.347311,98.780396,98.461302,29.296232,14.23228,100.737277,-0.000683,82.615673,52.569624,139.761959,100.986693,138.060659,100.693386,63.554599,98.603558,-0.000619,0.002242,32,-235.776199,101.200993,-0.323821,18.141624,0.64102,504278.7518,0.990687,40.085039,14.749131,1.965134,0.059011,0.030765,158.706655,32,169.503085,158.997969,160.939437,144.700438,32,142.844389,66.936888,56.861473,76.625695,19.335308,43.189478,64.80741,65.118224,20.744459,70.859399,59.562471,29.949106,,1,Spool-0081,1,01.15.55-Thu.07.18.2019.csv
51.739781,82.122517,119.069193,153.36549,98.105407,97.263328,29.219795,14.221327,118.740609,-0.000642,82.518066,52.542967,151.591603,119.213794,149.72136,118.868234,71.673413,116.951659,-0.000603,0.002227,32,-235.787264,119.228257,-0.269575,21.401215,0.664229,483255.4033,0.981499,40.083512,17.21642,2.301349,0.064674,0.038031,173.635607,32,185.932601,175.631295,176.81735,158.23556,32,155.381755,67.338835,59.147818,86.354816,86.140631,49.033735,40.674183,49.518453,21.744459,74.098853,59.549482,33.367588,,1,Spool-0081,1,02.27.09-Thu.07.18.2019.csv
51.674332,81.953898,138.938999,162.372357,97.336234,96.358344,29.155842,14.173224,138.440022,1.147988,81.184391,52.522013,160.641788,139.294367,158.707428,138.825451,78.789694,137.093336,-0.000612,0.002172,32,-235.835312,138.996707,-0.221707,24.177912,0.692751,465775.2492,0.97545,39.980114,20.369158,2.688791,0.061035,0.03917,186.039652,32,200.559498,187.310209,188.713903,169.78802,32,165.462154,67.459134,58.97838,95.916859,63.90557,51.84926,42.493671,99.598892,21.149648,79.586566,59.568916,36.314673,42-90,1,Spool-0081,1,17.43.53-Thu.07.18.2019.csv
51.742076,82.016147,161.190652,173.87722,95.108457,95.080551,29.085858,14.172842,160.902797,1.223675,80.851346,52.570849,171.889066,162.033005,169.769033,161.42631,88.365076,159.854086,-0.000594,-1.822898,32,-235.835802,161.521504,-0.154343,27.210773,0.699147,442643.2186,0.963607,39.975108,21.113658,3.115339,0.037659,0.024493,203.075401,32,219.057791,200.219864,203.136308,183.290661,32,177.424063,68.193276,63.099122,103.597166,91.119278,54.802918,26.098024,71.24866,22.160607,84.186167,59.585525,39.457462,42-90,1,Spool-0081,1,19.14.39-Thu.07.18.2019.csv
51.743497,82.676227,186.127361,187.008332,94.25282,93.332446,29.004726,14.176095,186.066595,1.46845,80.735704,52.685115,184.730981,187.499167,182.363759,186.691786,97.300947,185.234331,-0.000595,-1.73079,32,-235.832593,186.606223,-0.0665,30.621202,0.689187,419832.8641,0.950007,40.633723,22.458852,3.59712,0.058478,0.027925,222.103248,32,239.08774,214.080922,219.002657,198.622716,32,191.997654,67.971532,64.647954,112.097332,90.329327,50.552268,21.436312,64.89991,19.412474,99.263345,59.624899,43.043043,42-90,1,Spool-0081,1,20.20.54-Thu.07.18.2019.csv
51.738942,81.996828,185.966564,186.093036,94.389759,93.53499,29.00655,14.179316,185.894539,1.490636,79.968122,52.691054,183.841706,187.332367,181.504027,186.516779,97.358875,185.066191,-0.000593,-1.747375,32,-235.829283,186.457522,-0.024432,30.607829,0.689352,419809.8168,0.950538,39.958484,22.335418,3.594329,0.056453,0.02718,220.967878,32,237.888703,212.935311,217.833852,197.592304,32,191.066281,68.128452,64.960545,111.710694,90.329327,50.903293,21.436312,65.151343,20.99646,97.332488,59.625163,43.020017,42-90,1,Spool-0081,1,20.47.22-Thu.07.18.2019.csv
51.753663,82.228673,213.601066,200.524801,85.177361,90.436851,28.915756,14.186367,214.020777,1.595855,79.515449,52.627156,198.146794,215.564315,195.403,214.504019,106.728735,213.159365,-0.000592,-1.647439,32,-235.822434,214.256257,-0.024345,34.267837,0.660662,390488.229,0.922168,40.17613,23.184759,4.127263,0.066563,0.030694,239.411209,32,257.881952,228.718468,235.178705,215.370981,32,207.247656,68.194274,66.393485,119.350884,81.86,46.233826,10.918124,52.753186,29.91172,77.005253,59.614388,46.828855,42-90,1,Spool-0081,1,21.47.20-Thu.07.18.2019.csv
65.972386,94.864992,244.070595,202.847961,110.763565,111.9876,28.784554,14.198114,244.249377,5.458657,86.3422,67.187044,200.766208,246.323278,198.772209,244.725298,119.391635,242.891985,-0.000596,-1.580521,32,-235.81066,243.494917,-0.120349,40.10148,0.644367,466140.9615,0.907498,39.815174,20.287448,3.699577,0.070311,0.022126,247.165184,32,266.336659,230.877715,238.999659,219.065473,32,209.908405,68.917956,68.24374,126.185183,99.635055,49.778856,47.723882,46.004783,47.177424,50.657543,59.413294,52.879006,42-130,1,Spool-0081,1,06.05.47-Fri.07.19.2019.csv
65.943361,94.910172,212.987986,189.345242,117.34426,115.980445,28.903955,14.30445,212.447918,4.976428,88.570362,67.000244,187.487052,214.416163,185.719873,213.263223,108.129171,211.307696,-0.000641,-0.280671,32,-235.704278,212.321269,-0.288998,35.511742,0.675482,507724.1472,0.936533,39.885434,21.13981,3.229902,0.056072,0.029499,227.138928,32,244.698232,215.566184,222.200998,202.02226,32,193.927407,68.648229,69.01559,118.073245,98.911967,56.189836,49.627521,52.329342,38.522934,68.756564,59.565465,48.022541,55-130,1,Spool-0081,1,07.36.43-Mon.07.22.2019.csv
65.977694,94.96968,186.088343,177.490243,121.582497,119.668713,28.99392,14.315992,185.144963,4.571437,90.277114,67.129962,175.820601,186.813118,174.236001,185.94731,97.933722,183.82924,-0.000637,-1.75152,32,-235.692682,185.223133,-0.223197,31.732947,0.689493,547190.1256,0.962907,39.914911,21.285282,2.820459,0.056306,0.020136,206.88409,32,224.325653,203.240991,207.592096,188.150219,32,180.892209,68.745976,66.276555,110.722535,52.364793,49.631262,50.627521,78.6375,38.522934,57.39804,59.626488,44.14464,55-130,1,Spool-0081,1,09.04.17-Mon.07.22.2019.csv
66.121257,94.91319,161.181505,166.773715,124.789141,122.024401,29.074504,14.31987,159.903306,4.171924,91.410736,67.344853,165.257722,161.37625,163.814676,160.612097,88.886825,158.132652,-0.000613,-1.932818,32,-235.688889,160.050164,-0.203696,28.194478,0.678956,578808.9137,0.976659,39.73843,19.851388,2.437655,0.061858,0.014623,190.559926,32,205.327115,192.100203,193.825835,174.930662,32,169.731221,68.594944,64.573923,102.76541,27.515612,45.29867,74.559024,87.998299,38.522934,53.442228,59.586923,40.495222,55-130,1,Spool-0081,1,10.11.19-Mon.07.22.2019.csv
65.968871,94.912321,138.754285,156.067253,124.456507,123.054811,29.158656,14.326159,137.099111,3.819416,92.432152,67.186269,154.701386,138.347837,153.354536,137.683104,78.924731,134.633923,-0.000618,-2.058434,32,-235.682557,137.235599,-0.202186,24.351652,0.660675,607261.4259,0.98457,39.864909,19.042746,2.103333,0.052776,0.00978,176.18821,32,188.469671,178.646959,179.506793,162.155089,32,158.564781,68.049725,60.561602,94.702246,11.698848,38.739375,85.046005,74.079315,38.522934,43.79388,59.550075,36.510468,55-130,1,Spool-0081,1,11.30.53-Mon.07.22.2019.csv
65.981828,95.10249,119.284179,146.071111,124.849902,124.099289,29.244181,14.32691,117.096427,3.298736,93.598573,67.177569,144.812934,118.086002,143.578992,117.468152,70.68826,113.765869,-0.000621,-2.165947,32,-235.68154,117.221371,-0.220948,20.590817,0.626524,632364.2933,0.990267,40.044592,16.45884,1.807825,0.031317,0.000031,163.114413,32,174.199423,164.179186,165.534144,150.445116,32,147.970296,67.597448,59.317794,85.608198,0,40.779942,91.788753,69.757546,38.50684,37.544187,59.539252,32.589411,55-130,1,Spool-0081,1,13.22.37-Mon.07.22.2019.csv
65.979728,95.045256,101.367783,135.354975,127.98894,125.467748,29.333227,14.319768,98.664575,2.514499,94.49512,67.212564,134.134941,99.382837,133.015223,98.810108,62.059551,94.309043,-0.000619,0.002343,32,-235.688787,98.826285,-0.254179,16.556504,0.569667,660171.2255,0.998049,39.989677,13.553145,1.536344,0.037917,0.003632,149.744911,32,160.282382,149.304993,151.681872,138.890574,32,136.764336,67.044995,56.749437,76.038494,3.692254,31.469991,97.439651,56.933462,40.150049,27.644588,59.582263,28.418062,55-130,1,Spool-0081,1,15.28.18-Mon.07.22.2019.csv
58.853684,94.865644,83.642234,130.668371,113.753651,111.04095,29.411708,14.315642,80.299669,1.847865,94.757571,59.892495,129.404564,80.923878,128.230603,80.403299,55.373249,76.2369,0.003837,0.002273,32,-235.692849,80.584471,-0.279439,13.271924,0.520069,601272.1787,0.998023,46.022961,7.780197,1.421223,0.023943,0.019549,144.408833,32,155.36881,143.613065,146.188872,133.462024,32,131.699235,66.554689,56.143054,62.171885,0,44.948429,98.686541,100,39.194049,34.379594,59.61558,25.112254,55-130,1,Spool-0081,1,16.36.59-Mon.07.22.2019.csv
