Msuc,Mdis,,Msuc,Mdis,,Psuc,Pdis,,Psuc,Pdis,,Tsuc,Tdis,,Tsuc,Tdis,,Tsuc,Tdis,,Tsuc,Tdis
lbm/min,lbm/min,,0.338093851,0.115813445,,psia,psia,,0.129240536,0.235302006,,F,F,,0.231610699,0.153290561,,F,F,,0.231610699,0.153290561
54.803587,63.622078,,,,,60.317147,119.017471,,,,,70.013468,131.345196,,,,,530.683468,592.015196,,,
54.848725,63.622057,,54.77346497,63.44003822,,60.31591,119.038195,,60.17518577,119.1000691,,70.014629,131.342831,,69.97757535,131.4904323,,530.684629,592.012831,,530.6475753,592.1604323
54.806331,63.630004,,,,,60.315012,119.026265,,,,,70.017206,131.340404,,,,,530.687206,592.010404,,,
54.893184,63.630172,,0.617258468,0.182555762,,60.315944,119.04974,,0.214773806,0.197566641,,70.020098,131.33865,,0.330978457,0.116579251,,530.690098,592.00865,,0.043646803,0.025886661
54.990385,63.630183,,,,,60.317394,119.031089,,,,,70.023236,131.336908,,,,,530.693236,592.006908,,,
55.015173,63.629936,,,,,60.32037,119.004237,,,,,70.02532,131.335472,,,,,530.69532,592.005472,,,
54.904832,63.629768,,,,,60.322293,118.98636,,,,,70.027731,131.334091,,,,,530.697731,592.004091,,,
54.879601,63.621478,,,,,60.322998,119.02213,,,,,70.029558,131.333161,,,,,530.699558,592.003161,,,
54.853769,63.621155,,,,,60.325329,119.02938,,,,,70.031491,131.332402,,,,,530.701491,592.002402,,,
54.875378,63.613266,,,,,60.326592,119.017234,,,,,70.032894,131.332176,,,,,530.702894,592.002176,,,
54.978354,63.604946,,,,,60.324913,119.060341,,,,`,70.034595,131.332321,,,,,530.704595,592.002321,,,
54.994718,63.584383,,,,,60.317872,119.06789,,,,,70.035482,131.333075,,,,,530.705482,592.003075,,,
55.015907,63.560191,,,,,60.318643,119.080069,,,,,70.035737,131.334806,,,,,530.705737,592.004806,,,
55.061381,63.547622,,,,,60.313932,119.103226,,,,,70.035944,131.337047,,,,,530.705944,592.007047,,,
55.020969,63.526378,,,,,60.306883,119.116131,,,,,70.035724,131.340559,,,,,530.705724,592.010559,,,
55.037296,63.51015,,,,,60.299027,119.043215,,,,,70.035066,131.34405,,,,,530.705066,592.01405,,,
55.0416,63.493963,,,,,60.294329,119.105998,,,,,70.033497,131.348434,,,,,530.703497,592.018434,,,
55.160004,63.477489,,,,,60.291028,119.112949,,,,,70.032157,131.352494,,,,,530.702157,592.022494,,,
55.144115,63.460991,,,,,60.286113,119.054109,,,,,70.030224,131.357504,,,,,530.700224,592.027504,,,
55.143708,63.460889,,,,,60.284736,119.058277,,,,,70.028336,131.361615,,,,,530.698336,592.031615,,,
55.148269,63.45685,,,,,60.280327,119.067779,,,,,70.025232,131.366662,,,,,530.695232,592.036662,,,
55.123138,63.452111,,,,,60.277585,119.037817,,,,,70.021846,131.37077,,,,,530.691846,592.04077,,,
55.082537,63.452237,,,,,60.272916,119.048368,,,,,70.017591,131.375752,,,,,530.687591,592.045752,,,
55.065685,63.448058,,,,,60.267605,119.077452,,,,,70.014043,131.380013,,,,,530.684043,592.050013,,,
55.107818,63.435842,,,,,60.25946,119.124939,,,,,70.009328,131.385299,,,,,530.679328,592.055299,,,
55.105271,63.435996,,,,,60.252529,119.152639,,,,,70.005359,131.38958,,,,,530.675359,592.05958,,,
55.06371,63.436122,,,,,60.248421,119.121881,,,,,69.999959,131.394785,,,,,530.669959,592.064785,,,
55.101101,63.436248,,,,,60.236298,119.101687,,,,,69.995374,131.398943,,,,,530.665374,592.068943,,,
55.156138,63.436345,,,,,60.232043,119.026686,,,,,69.989621,131.403783,,,,,530.659621,592.073783,,,
55.122125,63.4365,,,,,60.227461,118.970388,,,,,69.984942,131.407761,,,,,530.654942,592.077761,,,
55.130387,63.43672,,,,,60.22152,118.881337,,,,,69.979542,131.411969,,,,,530.649542,592.081969,,,
55.08902,63.436655,,,,,60.2172,118.827418,,,,,69.975243,131.414861,,,,,530.645243,592.084861,,,
55.064655,63.436529,,,,,60.216447,118.792245,,,,,69.970305,131.417992,,,,,530.640305,592.087992,,,
55.056592,63.436678,,,,,60.214781,118.742306,,,,,69.9661,131.420787,,,,,530.6361,592.090787,,,
55.007913,63.436552,,,,,60.213919,118.749056,,,,,69.961608,131.424566,,,,,530.631608,592.094566,,,
54.948588,63.436686,,,,,60.212877,118.790708,,,,,69.957994,131.427884,,,,,530.627994,592.097884,,,
55.008529,63.436749,,,,,60.208706,118.844667,,,,,69.953136,131.43165,,,,,530.623136,592.10165,,,
54.961563,63.436704,,,,,60.204442,118.865931,,,,,69.94893,131.43496,,,,,530.61893,592.10496,,,
54.993955,63.436683,,,,,60.202684,118.870504,,,,,69.94396,131.43899,,,,,530.61396,592.10899,,,
55.006345,63.437064,,,,,60.199177,118.901492,,,,,69.940527,131.442077,,,,,530.610527,592.112077,,,
54.993944,63.437019,,,,,60.195832,118.872406,,,,,69.936605,131.444882,,,,,530.606605,592.114882,,,
55.022858,63.436988,,,,,60.197158,118.887068,,,,,69.933148,131.446939,,,,,530.603148,592.116939,,,
54.948397,63.437098,,,,,60.200394,118.854509,,,,,69.92973,131.449467,,,,,530.59973,592.119467,,,
54.959347,63.436975,,,,,60.200284,118.885165,,,,,69.926479,131.451329,,,,,530.596479,592.121329,,,
55.065549,63.436988,,,,,60.197126,118.838014,,,,,69.922995,131.453402,,,,,530.592995,592.123402,,,
55.049621,63.436809,,,,,60.198205,118.889863,,,,,69.920504,131.455323,,,,,530.590504,592.125323,,,
55.037881,63.437072,,,,,60.199409,118.961015,,,,,69.917922,131.457828,,,,,530.587922,592.127828,,,
54.994794,63.436933,,,,,60.203699,119.003956,,,,,69.916125,131.459453,,,,,530.586125,592.129453,,,
54.980544,63.43646,,,,,60.204915,119.070756,,,,,69.914028,131.461173,,,,,530.584028,592.131173,,,
54.910812,63.436447,,,,,60.212252,119.123895,,,,,69.912164,131.462337,,,,,530.582164,592.132337,,,
54.788815,63.436558,,,,,60.21601,119.148245,,,,,69.910078,131.463634,,,,,530.580078,592.133634,,,
54.800975,63.436812,,,,,60.215166,119.273477,,,,,69.908686,131.464605,,,,,530.578686,592.134605,,,
54.884616,63.436849,,,,,60.21884,119.309292,,,,,69.906979,131.466072,,,,,530.576979,592.136072,,,
54.950275,63.436725,,,,,60.217253,119.278098,,,,,69.904964,131.467191,,,,,530.574964,592.137191,,,
54.916105,63.436715,,,,,60.220979,119.280955,,,,,69.903753,131.468048,,,,,530.573753,592.138048,,,
54.923648,63.436783,,,,,60.223813,119.295392,,,,,69.902465,131.468817,,,,,530.572465,592.138817,,,
54.923666,63.436851,,,,,60.224247,119.279184,,,,,69.901084,131.469362,,,,,530.571084,592.139362,,,
54.972757,63.436812,,,,,60.226515,119.256792,,,,,69.898807,131.470434,,,,,530.568807,592.140434,,,
55.04918,63.436626,,,,,60.226263,119.323284,,,,,69.896861,131.471934,,,,,530.566861,592.141934,,,
55.000816,63.436731,,,,,60.224285,119.301014,,,,,69.89455,131.473738,,,,,530.56455,592.143738,,,
54.997354,63.436838,,,,,60.219478,119.335718,,,,,69.892477,131.475157,,,,,530.562477,592.145157,,,
55.096579,63.43651,,,,,60.218394,119.270685,,,,,69.890512,131.477395,,,,,530.560512,592.147395,,,
55.027196,63.436369,,,,,60.218796,119.294351,,,,,69.889386,131.479672,,,,,530.559386,592.149672,,,
55.10855,63.436678,,,,,60.224356,119.28127,,,,,69.887779,131.482077,,,,,530.557779,592.152077,,,
55.059136,63.436447,,,,,60.221105,119.282031,,,,,69.886075,131.48415,,,,,530.556075,592.15415,,,
55.046911,63.436363,,,,,60.215387,119.266243,,,,,69.883394,131.486948,,,,,530.553394,592.156948,,,
55.072313,63.43629,,,,,60.213244,119.253054,,,,,69.881041,131.489737,,,,,530.551041,592.159737,,,
55.060311,63.436353,,,,,60.206652,119.259205,,,,,69.878509,131.493299,,,,,530.548509,592.163299,,,
55.159227,63.436041,,,,,60.200944,119.307203,,,,,69.876128,131.496108,,,,,530.546128,592.166108,,,
55.163649,63.435666,,,,,60.197777,119.222127,,,,,69.873015,131.499164,,,,,530.543015,592.169164,,,
55.041653,63.435477,,,,,60.193426,119.227483,,,,,69.870098,131.500937,,,,,530.540098,592.170937,,,
54.99321,63.435619,,,,,60.18726,119.217615,,,,,69.866894,131.502852,,,,,530.536894,592.172852,,,
54.875069,63.435438,,,,,60.18386,119.294466,,,,,69.86409,131.504238,,,,,530.53409,592.174238,,,
54.851304,63.435388,,,,,60.177547,119.252436,,,,,69.860913,131.505964,,,,,530.530913,592.175964,,,
54.859526,63.435073,,,,,60.174597,119.261966,,,,,69.85856,131.507155,,,,,530.52856,592.177155,,,
54.801625,63.435068,,,,,60.170767,119.280246,,,,,69.855896,131.508385,,,,,530.525896,592.178385,,,
54.736263,63.434958,,,,,60.170684,119.327126,,,,,69.853356,131.508995,,,,,530.523356,592.178995,,,
54.832126,63.434905,,,,,60.171543,119.306995,,,,,69.849962,131.509763,,,,,530.519962,592.179763,,,
54.941845,63.434837,,,,,60.170221,119.306703,,,,,69.847364,131.510534,,,,,530.517364,592.180534,,,
54.839273,63.435015,,,,,60.168875,119.359679,,,,,69.844606,131.511469,,,,,530.514606,592.181469,,,
54.818374,63.435102,,,,,60.169382,119.385131,,,,,69.842294,131.511901,,,,,530.512294,592.181901,,,
54.810231,63.434968,,,,,60.163408,119.368188,,,,,69.83966,131.512355,,,,,530.50966,592.182355,,,
54.838554,63.434727,,,,,60.16252,119.407803,,,,,69.837612,131.512549,,,,,530.507612,592.182549,,,
54.813926,63.434779,,,,,60.159657,119.4367,,,,,69.835532,131.512728,,,,,530.505532,592.182728,,,
54.795241,63.435044,,,,,60.158208,119.427735,,,,,69.834067,131.512463,,,,,530.504067,592.182463,,,
54.804015,63.434945,,,,,60.155871,119.420363,,,,,69.832309,131.512054,,,,,530.502309,592.182054,,,
54.82715,63.435162,,,,,60.154077,119.379147,,,,,69.830963,131.511636,,,,,530.500963,592.181636,,,
54.884039,63.435167,,,,,60.15508,119.450526,,,,,69.829273,131.511202,,,,,530.499273,592.181202,,,
55.013689,63.435236,,,,,60.152671,119.397799,,,,,69.82782,131.511138,,,,,530.49782,592.181138,,,
55.093799,63.435202,,,,,60.151395,119.383765,,,,,69.825948,131.510968,,,,,530.495948,592.180968,,,
55.228102,63.435173,,,,,60.147147,119.326674,,,,,69.824478,131.510501,,,,,530.494478,592.180501,,,
55.201533,63.434884,,,,,60.145585,119.295698,,,,,69.82275,131.509833,,,,,530.49275,592.179833,,,
55.2162,63.435036,,,,,60.14181,119.273016,,,,,69.821798,131.509593,,,,,530.491798,592.179593,,,
55.242829,63.434937,,,,,60.14012,119.276038,,,,,69.821063,131.509477,,,,,530.491063,592.179477,,,
55.170028,63.435073,,,,,60.137337,119.253108,,,,,69.820735,131.509376,,,,,530.490735,592.179376,,,
55.156825,63.435094,,,,,60.132752,119.280016,,,,,69.820636,131.509348,,,,,530.490636,592.179348,,,
55.165029,63.435141,,,,,60.129635,119.263053,,,,,69.82016,131.508978,,,,,530.49016,592.178978,,,
55.216326,63.43506,,,,,60.12925,119.258689,,,,,69.819356,131.508104,,,,,530.489356,592.178104,,,
55.205656,63.435278,,,,,60.127874,119.215233,,,,,69.81877,131.50725,,,,,530.48877,592.17725,,,
55.17082,63.43511,,,,,60.12131,119.226869,,,,,69.818002,131.506203,,,,,530.488002,592.176203,,,
55.099829,63.435356,,,,,60.115889,119.193497,,,,,69.817066,131.505454,,,,,530.487066,592.175454,,,
55.177367,63.435666,,,,,60.114251,119.19017,,,,,69.815985,131.505062,,,,,530.485985,592.175062,,,
55.135963,63.43544,,,,,60.109617,119.207608,,,,,69.815085,131.505134,,,,,530.485085,592.175134,,,
55.151805,63.435335,,,,,60.103521,119.231373,,,,,69.813852,131.505574,,,,,530.483852,592.175574,,,
55.187942,63.435587,,,,,60.099339,119.245073,,,,,69.812806,131.506123,,,,,530.482806,592.176123,,,
55.131124,63.435813,,,,,60.090862,119.229747,,,,,69.811595,131.506838,,,,,530.481595,592.176838,,,
55.127827,63.435923,,,,,60.084882,119.282344,,,,,69.810466,131.5073,,,,,530.480466,592.1773,,,
55.127817,63.436274,,,,,60.082565,119.265054,,,,,69.808865,131.507985,,,,,530.478865,592.177985,,,
55.04693,63.436321,,,,,60.078947,119.247238,,,,,69.807153,131.509488,,,,,530.477153,592.179488,,,
55.037092,63.436508,,,,,60.074758,119.26994,,,,,69.805581,131.510907,,,,,530.475581,592.180907,,,
54.98381,63.436741,,,,,60.069181,119.289959,,,,,69.802765,131.512327,,,,,530.472765,592.182327,,,
55.002521,63.428679,,,,,60.061173,119.326271,,,,,69.799837,131.513279,,,,,530.469837,592.183279,,,
54.986029,63.428857,,,,,60.053032,119.333059,,,,,69.796039,131.514476,,,,,530.466039,592.184476,,,
54.936825,63.428865,,,,,60.042236,119.335947,,,,,69.793309,131.515469,,,,,530.463309,592.185469,,,
54.838675,63.428849,,,,,60.037093,119.343884,,,,,69.790543,131.517106,,,,,530.460543,592.187106,,,
54.798016,63.428899,,,,,60.029819,119.347517,,,,,69.788211,131.518573,,,,,530.458211,592.188573,,,
54.757352,63.429072,,,,,60.024396,119.350465,,,,,69.784628,131.520326,,,,,530.454628,592.190326,,,
54.782885,63.408877,,,,,60.017334,119.36471,,,,,69.780863,131.521904,,,,,530.450863,592.191904,,,
54.883824,63.392384,,,,,60.01551,119.328506,,,,,69.776432,131.524003,,,,,530.446432,592.194003,,,
54.814629,63.379916,,,,,60.011069,119.357515,,,,,69.7727,131.525119,,,,,530.4427,592.195119,,,
54.874308,63.355723,,,,,60.006161,119.31363,,,,,69.7679,131.526255,,,,,530.4379,592.196255,,,
54.870227,63.34375,,,,,60.003463,119.29798,,,,,69.763909,131.527257,,,,,530.433909,592.197257,,,
54.85043,63.339276,,,,,59.996882,119.268454,,,,,69.759227,131.528685,,,,,530.429227,592.198685,,,
54.801541,63.339152,,,,,59.995575,119.292308,,,,,69.754876,131.529662,,,,,530.424876,592.199662,,,
54.736208,63.314655,,,,,59.990769,119.273609,,,,,69.749872,131.530742,,,,,530.419872,592.200742,,,
54.657618,63.294292,,,,,59.98675,119.288363,,,,,69.745881,131.531535,,,,,530.415881,592.201535,,,
54.644984,63.282164,,,,,59.982854,119.331512,,,,,69.741549,131.532537,,,,,530.411549,592.202537,,,
54.645076,63.266024,,,,,59.97548,119.343799,,,,,69.738197,131.533408,,,,,530.408197,592.203408,,,
54.578153,63.265824,,,,,59.97047,119.317493,,,,,69.734047,131.534215,,,,,530.404047,592.204215,,,
54.582436,63.261761,,,,,59.965775,119.300097,,,,,69.730719,131.534605,,,,,530.400719,592.204605,,,
54.590312,63.248147,,,,,59.958194,119.226821,,,,,69.726987,131.535181,,,,,530.396987,592.205181,,,
54.569697,63.230595,,,,,59.957037,119.188285,,,,,69.72415,131.535641,,,,,530.39415,592.205641,,,
54.522717,63.214297,,,,,59.956406,119.145349,,,,,69.720797,131.536247,,,,,530.390797,592.206247,,,
54.559245,63.201983,,,,,59.954093,119.167633,,,,,69.717795,131.536381,,,,,530.387795,592.206381,,,
54.604428,63.177397,,,,,59.946012,119.214563,,,,,69.714272,131.536228,,,,,530.384272,592.206228,,,
54.620705,63.175873,,,,,59.946165,119.247265,,,,,69.712034,131.535863,,,,,530.382034,592.205863,,,
54.588487,63.192444,,,,,59.938822,119.270117,,,,,69.709827,131.53495,,,,,530.379827,592.20495,,,
54.572149,63.19647,,,,,59.937677,119.181933,,,,,69.707986,131.533968,,,,,530.377986,592.203968,,,
54.639518,63.212762,,,,,59.938385,119.195716,,,,,69.706045,131.532097,,,,,530.376045,592.202097,,,
54.690933,63.224903,,,,,59.936695,119.194993,,,,,69.704719,131.529673,,,,,530.374719,592.199673,,,
54.690052,63.233212,,,,,59.941318,119.249657,,,,,69.703497,131.525715,,,,,530.373497,592.195715,,,
54.772014,63.233168,,,,,59.941407,119.230172,,,,,69.703464,131.522094,,,,,530.373464,592.192094,,,
54.835672,63.253487,,,,,59.941684,119.156194,,,,,69.704025,131.517301,,,,,530.374025,592.187301,,,
54.942836,63.273745,,,,,59.947357,119.153038,,,,,69.70544,131.512544,,,,,530.37544,592.182544,,,
54.88716,63.290069,,,,,59.950431,119.144817,,,,,69.707669,131.50617,,,,,530.377669,592.17617,,,
54.856213,63.302092,,,,,59.958581,119.123182,,,,,69.709243,131.500016,,,,,530.379243,592.170016,,,
54.990755,63.305809,,,,,59.963212,119.160507,,,,,69.712183,131.492092,,,,,530.382183,592.162092,,,
54.974336,63.313931,,,,,59.970796,119.079998,,,,,69.715519,131.485317,,,,,530.385519,592.155317,,,
54.965922,63.33057,,,,,59.984278,119.077341,,,,,69.7199,131.476605,,,,,530.3899,592.146605,,,
55.031206,63.345022,,,,,59.992819,119.082142,,,,,69.723371,131.468959,,,,,530.393371,592.138959,,,
55.043158,63.365207,,,,,60.002635,119.035788,,,,,69.728033,131.459442,,,,,530.398033,592.129442,,,
55.063238,63.373186,,,,,60.009106,118.981825,,,,,69.732808,131.451426,,,,,530.402808,592.121426,,,
55.112374,63.39785,,,,,60.019991,118.930453,,,,,69.739353,131.441829,,,,,530.409353,592.111829,,,
55.104579,63.41707,,,,,60.027392,118.896846,,,,,69.745023,131.433652,,,,,530.415023,592.103652,,,
55.091381,63.419874,,,,,60.038023,118.903561,,,,,69.752082,131.42364,,,,,530.422082,592.09364,,,
55.144136,63.428212,,,,,60.047054,118.897099,,,,,69.758663,131.414897,,,,,530.428663,592.084897,,,
55.082138,63.436259,,,,,60.053759,118.846735,,,,,69.76687,131.404721,,,,,530.43687,592.074721,,,
54.985653,63.436266,,,,,60.058786,118.833681,,,,,69.773454,131.396299,,,,,530.443454,592.066299,,,
54.955539,63.436114,,,,,60.064224,118.757177,,,,,69.780951,131.386362,,,,,530.450951,592.056362,,,
54.902938,63.43629,,,,,60.071673,118.806374,,,,,69.786907,131.378552,,,,,530.456907,592.048552,,,
54.806719,63.436516,,,,,60.075503,118.731097,,,,,69.793749,131.369328,,,,,530.463749,592.039328,,,
54.753683,63.436253,,,,,60.078094,118.770762,,,,,69.799298,131.36252,,,,,530.469298,592.03252,,,
54.813687,63.436078,,,,,60.081738,118.690682,,,,,69.805614,131.354487,,,,,530.475614,592.024487,,,
54.80717,63.436248,,,,,60.088174,118.674317,,,,,69.811155,131.348186,,,,,530.481155,592.018186,,,
54.724987,63.436516,,,,,60.094895,118.686382,,,,,69.817683,131.341656,,,,,530.487683,592.011656,,,
54.779434,63.436502,,,,,60.100016,118.648755,,,,,69.822879,131.336373,,,,,530.492879,592.006373,,,
54.827308,63.436495,,,,,60.101042,118.667252,,,,,69.829058,131.330854,,,,,530.499058,592.000854,,,
54.872315,63.436455,,,,,60.109043,118.725409,,,,,69.835854,131.326003,,,,,530.505854,591.996003,,,
54.928411,63.436683,,,,,60.10741,118.747481,,,,,69.841,131.322056,,,,,530.511,591.992056,,,
54.831688,63.437003,,,,,60.110681,118.74206,,,,,69.846428,131.317608,,,,,530.516428,591.987608,,,
54.766068,63.436815,,,,,60.115573,118.767036,,,,,69.850914,131.314321,,,,,530.520914,591.984321,,,
54.814314,63.43639,,,,,60.120565,118.763278,,,,,69.856488,131.31058,,,,,530.526488,591.98058,,,
54.81508,63.436106,,,,,60.123324,118.812115,,,,,69.860916,131.307922,,,,,530.530916,591.977922,,,
54.888303,63.435944,,,,,60.126827,118.873029,,,,,69.865661,131.305289,,,,,530.535661,591.975289,,,
54.87135,63.436025,,,,,60.131457,118.903596,,,,,69.869407,131.303533,,,,,530.539407,591.973533,,,
54.911817,63.436043,,,,,60.137393,118.921876,,,,,69.873998,131.301905,,,,,530.543998,591.971905,,,
54.931354,63.436049,,,,,60.139291,118.93346,,,,,69.878366,131.300847,,,,,530.548366,591.970847,,,
55.050193,63.435965,,,,,60.146892,118.904612,,,,,69.883469,131.299717,,,,,530.553469,591.969717,,,
55.156148,63.435682,,,,,60.155915,118.926445,,,,,69.887627,131.299094,,,,,530.557627,591.969094,,,
55.202658,63.43576,,,,,60.162606,118.952738,,,,,69.891973,131.298503,,,,,530.561973,591.968503,,,
55.22282,63.435886,,,,,60.169512,118.964217,,,,,69.895254,131.29842,,,,,530.565254,591.96842,,,
55.277038,63.43575,,,,,60.171248,118.989087,,,,,69.899306,131.298709,,,,,530.569306,591.968709,,,
55.269117,63.435773,,,,,60.175142,119.011022,,,,,69.902578,131.298746,,,,,530.572578,591.968746,,,
55.307305,63.435786,,,,,60.179677,119.087461,,,,,69.905955,131.298863,,,,,530.575955,591.968863,,,
55.23308,63.435729,,,,,60.183108,119.119003,,,,,69.90873,131.298732,,,,,530.57873,591.968732,,,
55.060867,63.435703,,,,,60.183402,119.057298,,,,,69.911482,131.298509,,,,,530.581482,591.968509,,,
55.024051,63.4358,,,,,60.18617,119.065127,,,,,69.91386,131.298309,,,,,530.58386,591.968309,,,
55.061586,63.435773,,,,,60.191593,119.107971,,,,,69.916497,131.298114,,,,,530.586497,591.968114,,,
55.126652,63.435786,,,,,60.192408,119.10455,,,,,69.918159,131.297852,,,,,530.588159,591.967852,,,
55.140333,63.435734,,,,,60.196815,119.037792,,,,,69.920003,131.297785,,,,,530.590003,591.967785,,,
55.143197,63.435886,,,,,60.199276,118.997488,,,,,69.921492,131.297646,,,,,530.591492,591.967646,,,
55.032318,63.435994,,,,,60.203771,118.934666,,,,,69.922921,131.297713,,,,,530.592921,591.967713,,,
55.023235,63.435975,,,,,60.206761,118.895805,,,,,69.923878,131.297874,,,,,530.593878,591.967874,,,
55.063831,63.43607,,,,,60.205454,118.934786,,,,,69.925458,131.298615,,,,,530.595458,591.968615,,,
54.978331,63.436203,,,,,60.207142,118.917876,,,,,69.926518,131.299313,,,,,530.596518,591.969313,,,
54.976206,63.436224,,,,,60.20619,118.896836,,,,,69.927823,131.29997,,,,,530.597823,591.96997,,,
54.960341,63.436484,,,,,60.208956,118.943596,,,,,69.929031,131.300352,,,,,530.599031,591.970352,,,
54.999342,63.436683,,,,,60.208405,118.952962,,,,,69.930297,131.300602,,,,,530.600297,591.970602,,,
54.922093,63.436883,,,,,60.207933,118.941782,,,,,69.931392,131.300825,,,,,530.601392,591.970825,,,
54.888028,63.436964,,,,,60.208273,118.941053,,,,,69.93273,131.300983,,,,,530.60273,591.970983,,,
54.952735,63.436867,,,,,60.209422,118.911493,,,,,69.934194,131.301092,,,,,530.604194,591.971092,,,
54.831457,63.436972,,,,,60.211607,118.887275,,,,,69.936699,131.301265,,,,,530.606699,591.971265,,,
54.810745,63.437072,,,,,60.214181,118.927922,,,,,69.938873,131.301284,,,,,530.608873,591.971284,,,
54.97484,63.437121,,,,,60.217429,118.929839,,,,,69.941235,131.301109,,,,,530.611235,591.971109,,,
55.068337,63.436935,,,,,60.217786,118.971806,,,,,69.943002,131.300919,,,,,530.613002,591.970919,,,
55.141481,63.436794,,,,,60.22053,118.972577,,,,,69.944983,131.300602,,,,,530.614983,591.970602,,,
55.165931,63.444819,,,,,60.220102,118.98602,,,,,69.946638,131.300608,,,,,530.616638,591.970608,,,
55.175554,63.445189,,,,,60.219551,119.055651,,,,,69.948363,131.300775,,,,,530.618363,591.970775,,,
55.135444,63.445071,,,,,60.219555,119.097033,,,,,69.949717,131.301003,,,,,530.619717,591.971003,,,
55.180855,63.444835,,,,,60.218863,119.08374,,,,,69.951919,131.301292,,,,,530.621919,591.971292,,,
55.199432,63.444848,,,,,60.219113,119.122825,,,,,69.954083,131.301651,,,,,530.624083,591.971651,,,
55.211604,63.444707,,,,,60.222808,119.110317,,,,,69.956362,131.301818,,,,,530.626362,591.971818,,,
55.308559,63.444741,,,,,60.225631,119.196662,,,,,69.95782,131.301537,,,,,530.62782,591.971537,,,
55.285326,63.44462,,,,,60.230577,119.232402,,,,,69.959064,131.301092,,,,,530.629064,591.971092,,,
55.189723,63.444158,,,,,60.229153,119.173805,,,,,69.959744,131.300583,,,,,530.629744,591.970583,,,
55.185421,63.460018,,,,,60.231866,119.16575,,,,,69.960554,131.300232,,,,,530.630554,591.970232,,,
55.193617,63.459827,,,,,60.231637,119.112234,,,,,69.961288,131.299979,,,,,530.631288,591.969979,,,
55.185786,63.459528,,,,,60.233066,119.095358,,,,,69.962367,131.299656,,,,,530.632367,591.969656,,,
55.216488,63.459557,,,,,60.23237,119.091678,,,,,69.963311,131.299372,,,,,530.633311,591.969372,,,
55.293695,63.459302,,,,,60.234158,119.065951,,,,,69.96365,131.29911,,,,,530.63365,591.96911,,,
55.430083,63.459135,,,,,60.234457,119.047998,,,,,69.963628,131.299077,,,,,530.633628,591.969077,,,
55.446507,63.458825,,,,,60.235143,119.036325,,,,,69.963964,131.299333,,,,,530.633964,591.969333,,,
55.474878,63.458885,,,,,60.236777,118.962626,,,,,69.96395,131.299589,,,,,530.63395,591.969589,,,
55.361369,63.458925,,,,,60.238412,118.988608,,,,,69.963727,131.299681,,,,,530.633727,591.969681,,,
55.29588,63.451098,,,,,60.239885,118.946214,,,,,69.963865,131.299433,,,,,530.633865,591.969433,,,
55.319254,63.450847,,,,,60.242597,118.945889,,,,,69.964355,131.298682,,,,,530.634355,591.968682,,,
55.298686,63.451088,,,,,60.24316,118.956202,,,,,69.964966,131.297696,,,,,530.634966,591.967696,,,
55.34907,63.451264,,,,,60.247599,118.934557,,,,,69.964899,131.296764,,,,,530.634899,591.966764,,,
55.380756,63.451332,,,,,60.249443,118.917952,,,,,69.964412,131.295678,,,,,530.634412,591.965678,,,
55.324133,63.451219,,,,,60.253325,118.915867,,,,,69.96425,131.294813,,,,,530.63425,591.964813,,,
55.267879,63.451151,,,,,60.252801,118.82858,,,,,69.963975,131.294551,,,,,530.633975,591.964551,,,
55.316999,63.451279,,,,,60.252547,118.820692,,,,,69.963777,131.294512,,,,,530.633777,591.964512,,,
55.349946,63.451534,,,,,60.251589,118.850268,,,,,69.96392,131.294793,,,,,530.63392,591.964793,,,
55.301299,63.435624,,,,,60.255392,118.81919,,,,,69.96469,131.295342,,,,,530.63469,591.965342,,,
55.171103,63.435718,,,,,60.257636,118.936099,,,,,69.96589,131.295837,,,,,530.63589,591.965837,,,
55.152783,63.448156,,,,,60.259887,118.97533,,,,,69.96646,131.295634,,,,,530.63646,591.965634,,,
55.063545,63.452079,,,,,60.265691,119.010894,,,,,69.966543,131.295417,,,,,530.636543,591.965417,,,
54.976219,63.460168,,,,,60.26547,119.018476,,,,,69.966804,131.295303,,,,,530.636804,591.965303,,,
54.862332,63.460404,,,,,60.268446,118.998875,,,,,69.967536,131.295158,,,,,530.637536,591.965158,,,
54.890643,63.464676,,,,,60.272225,119.044486,,,,,69.968001,131.294999,,,,,530.638001,591.964999,,,
54.867387,63.484827,,,,,60.277742,119.03703,,,,,69.968519,131.294713,,,,,530.638519,591.964713,,,
54.876585,63.484959,,,,,60.278943,119.012726,,,,,69.969144,131.294863,,,,,530.639144,591.964863,,,
54.855183,63.48477,,,,,60.284779,119.022417,,,,,69.969953,131.295347,,,,,530.639953,591.965347,,,
54.811099,63.484555,,,,,60.287936,119.04204,,,,,69.970751,131.296107,,,,,530.640751,591.966107,,,
54.818012,63.49251,,,,,60.298111,119.056149,,,,,69.972113,131.296975,,,,,530.642113,591.966975,,,
54.763012,63.500711,,,,,60.300061,119.063132,,,,,69.973971,131.297418,,,,,530.643971,591.967418,,,
54.689034,63.525176,,,,,60.300755,119.065878,,,,,69.976531,131.297073,,,,,530.646531,591.967073,,,
54.709046,63.533378,,,,,60.303991,119.071169,,,,,69.978686,131.296505,,,,,530.648686,591.966505,,,
54.757575,63.541328,,,,,60.313415,119.07834,,,,,69.981727,131.295428,,,,,530.651727,591.965428,,,
54.79415,63.557463,,,,,60.318864,119.085857,,,,,69.984381,131.293905,,,,,530.654381,591.963905,,,
54.817629,63.581708,,,,,60.328022,119.066022,,,,,69.987282,131.291718,,,,,530.657282,591.961718,,,
54.872758,63.601883,,,,,60.331417,119.049161,,,,,69.989588,131.289511,,,,,530.659588,591.959511,,,
55.01735,63.622275,,,,,60.336008,118.951968,,,,,69.991917,131.286864,,,,,530.661917,591.956864,,,
55.070509,63.622403,,,,,60.340913,118.930338,,,,,69.994042,131.285372,,,,,530.664042,591.955372,,,
55.200389,63.632664,,,,,60.343032,118.911987,,,,,69.997097,131.283635,,,,,530.667097,591.953635,,,
55.380263,63.649172,,,,,60.34688,118.885404,,,,,69.999508,131.282202,,,,,530.669508,591.952202,,,
55.421777,63.669359,,,,,60.35351,118.90491,,,,,70.001977,131.280195,,,,,530.671977,591.950195,,,
55.433996,63.689521,,,,,60.356964,118.839368,,,,,70.00395,131.278564,,,,,530.67395,591.948564,,,
55.369596,63.687816,,,,,60.358426,118.88708,,,,,70.006284,131.277055,,,,,530.676284,591.947055,,,
55.374226,63.687703,,,,,60.361515,118.901987,,,,,70.008381,131.276301,,,,,530.678381,591.946301,,,
55.48486,63.707579,,,,,60.363118,118.947647,,,,,70.010908,131.27595,,,,,530.680908,591.94595,,,
55.51813,63.719971,,,,,60.364589,118.940787,,,,,70.012813,131.275575,,,,,530.682813,591.945575,,,
55.477482,63.736018,,,,,60.359205,118.940916,,,,,70.014283,131.27587,,,,,530.684283,591.94587,,,
55.526311,63.740093,,,,,60.354317,118.935911,,,,,70.014982,131.276797,,,,,530.684982,591.946797,,,
55.627582,63.715665,,,,,60.355402,118.95164,,,,,70.015615,131.278667,,,,,530.685615,591.948667,,,
55.603382,63.711431,,,,,60.353015,118.987117,,,,,70.015571,131.280612,,,,,530.685571,591.950612,,,
55.534906,63.711547,,,,,60.346114,118.971164,,,,,70.014585,131.283212,,,,,530.684585,591.953212,,,
55.52239,63.69949,,,,,60.340221,119.030654,,,,,70.013523,131.286452,,,,,530.683523,591.956452,,,
55.436194,63.675171,,,,,60.332957,119.035335,,,,,70.012474,131.291487,,,,,530.682474,591.961487,,,
55.427717,63.655031,,,,,60.325959,119.047896,,,,,70.011205,131.29626,,,,,530.681205,591.96626,,,
55.415569,63.630371,,,,,60.317738,119.154241,,,,,70.008915,131.302551,,,,,530.678915,591.972551,,,
55.383502,63.622262,,,,,60.309425,119.127338,,,,,70.006009,131.308763,,,,,530.676009,591.978763,,,
55.281678,63.607905,,,,,60.303722,119.128839,,,,,70.003345,131.314288,,,,,530.673345,591.984288,,,
55.230079,63.5874,,,,,60.29866,119.150544,,,,,70.000587,131.320172,,,,,530.670587,591.990172,,,
55.15432,63.567102,,,,,60.292846,119.176249,,,,,69.997683,131.326576,,,,,530.667683,591.996576,,,
55.093408,63.546746,,,,,60.283481,119.228436,,,,,69.994408,131.333345,,,,,530.664408,592.003345,,,
55.060797,63.524458,,,,,60.274858,119.207233,,,,,69.98996,131.341177,,,,,530.65996,592.011177,,,
55.044653,63.516343,,,,,60.265237,119.20637,,,,,69.986082,131.347326,,,,,530.656082,592.017326,,,
55.085036,63.504538,,,,,60.257768,119.201904,,,,,69.980646,131.35375,,,,,530.650646,592.02375,,,
55.02019,63.484214,,,,,60.249466,119.157912,,,,,69.975917,131.35874,,,,,530.645917,592.02874,,,
55.03972,63.467952,,,,,60.241778,119.117548,,,,,69.970027,131.364457,,,,,530.640027,592.034457,,,
55.026228,63.451654,,,,,60.237152,119.16008,,,,,69.965054,131.368749,,,,,530.635054,592.038749,,,
55.029813,63.451597,,,,,60.230342,119.167117,,,,,69.95888,131.374104,,,,,530.62888,592.044104,,,
55.030792,63.451696,,,,,60.224647,119.190744,,,,,69.953717,131.378697,,,,,530.623717,592.048697,,,
55.058562,63.435682,,,,,60.217335,119.192255,,,,,69.947937,131.384269,,,,,530.617937,592.054269,,,
55.114399,63.435577,,,,,60.213808,119.2003,,,,,69.943426,131.38892,,,,,530.613426,592.05892,,,
55.160033,63.435823,,,,,60.208221,119.151368,,,,,69.938028,131.393947,,,,,530.608028,592.063947,,,
55.261839,63.435708,,,,,60.202726,119.14924,,,,,69.933333,131.397729,,,,,530.603333,592.067729,,,
55.139806,63.435991,,,,,60.201542,119.181434,,,,,69.928301,131.401943,,,,,530.598301,592.071943,,,
55.156083,63.43618,,,,,60.198506,119.190546,,,,,69.924401,131.405186,,,,,530.594401,592.075186,,,
55.160072,63.436036,,,,,60.193538,119.237334,,,,,69.919274,131.40869,,,,,530.589274,592.07869,,,
55.115104,63.436274,,,,,60.188452,119.194301,,,,,69.914947,131.411231,,,,,530.584947,592.081231,,,
55.244458,63.4365,,,,,60.186309,119.164222,,,,,69.910007,131.413561,,,,,530.580007,592.083561,,,
55.313935,63.436426,,,,,60.183471,119.157954,,,,,69.906162,131.415164,,,,,530.576162,592.085164,,,
55.311213,63.436398,,,,,60.181603,119.183199,,,,,69.901885,131.416684,,,,,530.571885,592.086684,,,
55.342524,63.436306,,,,,60.180809,119.221078,,,,,69.898403,131.417881,,,,,530.568403,592.087881,,,
55.30165,63.436568,,,,,60.180094,119.224988,,,,,69.89445,131.419813,,,,,530.56445,592.089813,,,
55.297152,63.436256,,,,,60.181399,119.284255,,,,,69.890952,131.421814,,,,,530.560952,592.091814,,,
55.308501,63.436492,,,,,60.179835,119.359296,,,,,69.886967,131.424333,,,,,530.556967,592.094333,,,
55.34843,63.43661,,,,,60.17902,119.35391,,,,,69.883694,131.426365,,,,,530.553694,592.096365,,,
55.253643,63.436384,,,,,60.178718,119.371469,,,,,69.879929,131.428513,,,,,530.549929,592.098513,,,
55.309723,63.436534,,,,,60.178622,119.316738,,,,,69.876792,131.429905,,,,,530.546792,592.099905,,,
55.420156,63.436558,,,,,60.178562,119.289487,,,,,69.872919,131.431475,,,,,530.542919,592.101475,,,
55.364477,63.436731,,,,,60.179418,119.285453,,,,,69.869779,131.432666,,,,,530.539779,592.102666,,,
55.298912,63.436673,,,,,60.181104,119.343557,,,,,69.86592,131.433663,,,,,530.53592,592.103663,,,
55.299033,63.436631,,,,,60.181664,119.373782,,,,,69.862645,131.434108,,,,,530.532645,592.104108,,,
55.335663,63.436314,,,,,60.179967,119.367547,,,,,69.858522,131.434022,,,,,530.528522,592.104022,,,
55.325727,63.435944,,,,,60.179039,119.38833,,,,,69.855478,131.433629,,,,,530.525478,592.103629,,,
55.380927,63.435765,,,,,60.179903,119.365517,,,,,69.85223,131.4331,,,,,530.52223,592.1031,,,
55.381863,63.435852,,,,,60.18206,119.37636,,,,,69.849356,131.432507,,,,,530.519356,592.102507,,,
55.251746,63.435595,,,,,60.18169,119.416541,,,,,69.845674,131.431839,,,,,530.515674,592.101839,,,
55.189736,63.435687,,,,,60.182791,119.394341,,,,,69.842311,131.431308,,,,,530.512311,592.101308,,,
55.167531,63.435603,,,,,60.180575,119.384171,,,,,69.838485,131.430757,,,,,530.508485,592.100757,,,
55.061793,63.435522,,,,,60.175698,119.325811,,,,,69.83557,131.430058,,,,,530.50557,592.100058,,,
54.994025,63.435369,,,,,60.170982,119.288616,,,,,69.831907,131.428928,,,,,530.501907,592.098928,,,
55.042319,63.435508,,,,,60.166059,119.246936,,,,,69.829331,131.427901,,,,,530.499331,592.097901,,,
55.108025,63.435472,,,,,60.164657,119.143586,,,,,69.826512,131.426643,,,,,530.496512,592.096643,,,
55.031783,63.435322,,,,,60.160441,119.155411,,,,,69.824349,131.425541,,,,,530.494349,592.095541,,,
55.056275,63.435215,,,,,60.156888,119.140437,,,,,69.821913,131.424129,,,,,530.491913,592.094129,,,
55.060385,63.434832,,,,,60.154232,119.151712,,,,,69.820259,131.422768,,,,,530.490259,592.092768,,,
54.935367,63.434659,,,,,60.152317,119.166782,,,,,69.818531,131.420564,,,,,530.488531,592.090564,,,
54.954151,63.434562,,,,,60.148964,119.207453,,,,,69.817033,131.418524,,,,,530.487033,592.088524,,,
54.888972,63.434142,,,,,60.144587,119.183022,,,,,69.815421,131.4163,,,,,530.485421,592.0863,,,
54.824609,63.434147,,,,,60.139966,119.165686,,,,,69.814075,131.414738,,,,,530.484075,592.084738,,,
54.815306,63.434265,,,,,60.136588,119.210901,,,,,69.813224,131.413951,,,,,530.483224,592.083951,,,
54.798029,63.434425,,,,,60.132282,119.164988,,,,,69.812302,131.413742,,,,,530.482302,592.083742,,,
54.757318,63.434625,,,,,60.129318,119.151366,,,,,69.811427,131.413842,,,,,530.481427,592.083842,,,
54.733653,63.434239,,,,,60.125346,119.157598,,,,,69.810835,131.414229,,,,,530.480835,592.084229,,,
54.717156,63.434444,,,,,60.121244,119.17909,,,,,69.809921,131.414947,,,,,530.479921,592.084947,,,
54.75014,63.434433,,,,,60.114088,119.222264,,,,,69.80903,131.415598,,,,,530.47903,592.085598,,,
54.751603,63.434543,,,,,60.110521,119.234752,,,,,69.808573,131.416102,,,,,530.478573,592.086102,,,
54.898073,63.434373,,,,,60.106574,119.260287,,,,,69.807731,131.417614,,,,,530.477731,592.087614,,,
54.962838,63.434066,,,,,60.103815,119.285583,,,,,69.807268,131.419239,,,,,530.477268,592.089239,,,
54.8579,63.433977,,,,,60.096623,119.273853,,,,,69.80631,131.421165,,,,,530.47631,592.091165,,,
54.762595,63.433838,,,,,60.090864,119.34468,,,,,69.805088,131.422991,,,,,530.475088,592.092991,,,
54.823324,63.433447,,,,,60.085195,119.2812,,,,,69.803654,131.425371,,,,,530.473654,592.095371,,,
54.912344,63.433615,,,,,60.082079,119.254597,,,,,69.802468,131.427311,,,,,530.472468,592.097311,,,
54.889662,63.433672,,,,,60.073867,119.233643,,,,,69.800189,131.429838,,,,,530.470189,592.099838,,,
55.020605,63.433628,,,,,60.066944,119.212891,,,,,69.797668,131.43209,,,,,530.467668,592.10209,,,
55.041766,63.433473,,,,,60.062211,119.181495,,,,,69.794811,131.434637,,,,,530.464811,592.104637,,,
55.131295,63.433337,,,,,60.057113,119.171588,,,,,69.792439,131.436618,,,,,530.462439,592.106618,,,
55.105297,63.433106,,,,,60.051749,119.138362,,,,,69.789483,131.438734,,,,,530.459483,592.108734,,,
55.086051,63.432967,,,,,60.048174,119.024275,,,,,69.786879,131.440446,,,,,530.456879,592.110446,,,
55.054788,63.43265,,,,,60.044957,119.056687,,,,,69.783681,131.442102,,,,,530.453681,592.112102,,,
55.093516,63.432555,,,,,60.038676,119.085745,,,,,69.780544,131.443393,,,,,530.450544,592.113393,,,
55.042723,63.432739,,,,,60.032689,119.050166,,,,,69.776619,131.445013,,,,,530.446619,592.115013,,,
55.038888,63.432385,,,,,60.029367,119.016959,,,,,69.773974,131.446494,,,,,530.443974,592.116494,,,
54.87873,63.432193,,,,,60.021317,119.002874,,,,,69.77096,131.448131,,,,,530.44096,592.118131,,,
54.870106,63.431868,,,,,60.014121,118.976468,,,,,69.768318,131.449878,,,,,530.438318,592.119878,,,
54.805045,63.407502,,,,,60.007579,118.945114,,,,,69.766402,131.452011,,,,,530.436402,592.122011,,,
54.771251,63.387346,,,,,59.996804,118.974654,,,,,69.766331,131.454173,,,,,530.436331,592.124173,,,
54.802855,63.363054,,,,,59.986879,118.981439,,,,,69.768101,131.457458,,,,,530.438101,592.127458,,,
54.747674,63.342751,,,,,59.981244,118.898917,,,,,69.77118,131.460828,,,,,530.44118,592.130828,,,
54.617285,63.318474,,,,,59.971313,119.004488,,,,,69.77598,131.465109,,,,,530.44598,592.135109,,,
54.524026,63.298192,,,,,59.960322,119.028634,,,,,69.780734,131.468772,,,,,530.450734,592.138772,,,
54.485636,63.273826,,,,,59.948903,119.016832,,,,,69.788082,131.473732,,,,,530.458082,592.143732,,,
54.330383,63.253366,,,,,59.939746,119.082258,,,,,69.795114,131.478113,,,,,530.465114,592.148113,,,
54.26752,63.229074,,,,,59.927733,119.047824,,,,,69.804615,131.483853,,,,,530.474615,592.153853,,,
54.132847,63.208687,,,,,59.917339,119.003894,,,,,69.813051,131.489019,,,,,530.483051,592.159019,,,
54.111081,63.18441,,,,,59.907731,119.015763,,,,,69.824363,131.49537,,,,,530.494363,592.16537,,,
54.147369,63.164123,,,,,59.892921,119.020463,,,,,69.834505,131.500826,,,,,530.504505,592.170826,,,
54.146724,63.139977,,,,,59.881395,119.030869,,,,,69.847353,131.507795,,,,,530.517353,592.177795,,,
54.156964,63.119457,,,,,59.87141,119.036803,,,,,69.859224,131.513563,,,,,530.529224,592.183563,,,
54.148135,63.095038,,,,,59.861157,119.008027,,,,,69.875061,131.520134,,,,,530.545061,592.190134,,,
54.1776,63.074586,,,,,59.851066,119.011296,,,,,69.888979,131.524941,,,,,530.558979,592.194941,,,
54.284122,63.050016,,,,,59.844555,119.077404,,,,,69.906638,131.530252,,,,,530.576638,592.200252,,,
54.354355,63.029912,,,,,59.842294,119.039122,,,,,69.921738,131.534154,,,,,530.591738,592.204154,,,
54.288644,63.025962,,,,,59.838818,119.011171,,,,,69.93987,131.537628,,,,,530.60987,592.207628,,,
54.261068,63.025666,,,,,59.842177,118.988975,,,,,69.954496,131.539176,,,,,530.624496,592.209176,,,
54.24456,63.050063,,,,,59.84789,118.930779,,,,,69.971704,131.53937,,,,,530.641704,592.20937,,,
54.370915,63.070458,,,,,59.851717,118.953723,,,,,69.985306,131.537689,,,,,530.655306,592.207689,,,
54.532826,63.094705,,,,,59.85743,118.864716,,,,,70.001077,131.534433,,,,,530.671077,592.204433,,,
54.569025,63.114809,,,,,59.863057,118.771798,,,,,70.013969,131.531332,,,,,530.683969,592.201332,,,
54.577277,63.139143,,,,,59.869097,118.812339,,,,,70.029796,131.52675,,,,,530.699796,592.19675,,,
54.597782,63.159349,,,,,59.87723,118.815728,,,,,70.04369,131.522308,,,,,530.71369,592.192308,,,
54.544633,63.175474,,,,,59.889135,118.77397,,,,,70.060534,131.516329,,,,,530.730534,592.186329,,,
54.625961,63.195984,,,,,59.899399,118.773238,,,,,70.074885,131.510713,,,,,530.744885,592.180713,,,
54.737524,63.220188,,,,,59.911268,118.78276,,,,,70.092512,131.503019,,,,,530.762512,592.173019,,,
54.73257,63.240509,,,,,59.925999,118.726708,,,,,70.107226,131.495991,,,,,530.777226,592.165991,,,
54.793161,63.264799,,,,,59.938329,118.705275,,,,,70.125252,131.486806,,,,,530.795252,592.156806,,,
54.759944,63.285259,,,,,59.949353,118.611342,,,,,70.14068,131.478793,,,,,530.81068,592.148793,,,
54.727363,63.309725,,,,,59.964236,118.575795,,,,,70.1596,131.469234,,,,,530.8296,592.139234,,,
54.705736,63.3305,,,,,59.976149,118.533153,,,,,70.175515,131.461346,,,,,530.845515,592.131346,,,
54.629381,63.354881,,,,,59.993806,118.466739,,,,,70.19473,131.452105,,,,,530.86473,592.122105,,,
54.57702,63.37936,,,,,60.004868,118.502259,,,,,70.213936,131.443588,,,,,530.883936,592.113588,,,
54.645469,63.399812,,,,,60.017637,118.519063,,,,,70.229992,131.43732,,,,,530.899992,592.10732,,,
54.644147,63.424472,,,,,60.028714,118.551386,,,,,70.249022,131.430417,,,,,530.919022,592.100417,,,
54.666077,63.424616,,,,,60.034886,118.56026,,,,,70.264381,131.42534,,,,,530.934381,592.09534,,,
54.645538,63.424288,,,,,60.042082,118.522146,,,,,70.279834,131.421021,,,,,530.949834,592.091021,,,
54.516318,63.424619,,,,,60.054725,118.532655,,,,,70.298826,131.416489,,,,,530.968826,592.086489,,,
54.524978,63.424828,,,,,60.063412,118.610482,,,,,70.318094,131.412437,,,,,530.988094,592.082437,,,
54.460082,63.424889,,,,,60.074271,118.530867,,,,,70.333224,131.409336,,,,,531.003224,592.079336,,,
54.476283,63.425169,,,,,60.083875,118.474997,,,,,70.350425,131.406021,,,,,531.020425,592.076021,,,
54.509687,63.433363,,,,,60.088478,118.463442,,,,,70.364534,131.403752,,,,,531.034534,592.073752,,,
54.45966,63.43352,,,,,60.095631,118.456873,,,,,70.380912,131.402038,,,,,531.050912,592.072038,,,
54.43391,63.433743,,,,,60.098952,118.471648,,,,,70.394163,131.401442,,,,,531.064163,592.071442,,,
54.404359,63.433929,,,,,60.10362,118.49717,,,,,70.409833,131.401284,,,,,531.079833,592.071284,,,
54.368025,63.434045,,,,,60.108388,118.508151,,,,,70.422784,131.401721,,,,,531.092784,592.071721,,,
54.418105,63.434166,,,,,60.117777,118.512004,,,,,70.437455,131.402561,,,,,531.107455,592.072561,,,
54.523908,63.43426,,,,,60.122419,118.541333,,,,,70.448531,131.403471,,,,,531.118531,592.073471,,,
54.619742,63.434289,,,,,60.127644,118.587925,,,,,70.461273,131.404832,,,,,531.131273,592.074832,,,
54.675626,63.434449,,,,,60.128872,118.578202,,,,,70.47129,131.406213,,,,,531.14129,592.076213,,,
54.667522,63.434601,,,,,60.134286,118.527197,,,,,70.483126,131.407933,,,,,531.153126,592.077933,,,
54.631841,63.434656,,,,,60.137866,118.550164,,,,,70.492746,131.409283,,,,,531.162746,592.079283,,,
54.628663,63.434753,,,,,60.14397,118.518476,,,,,70.503781,131.411337,,,,,531.173781,592.081337,,,
54.537688,63.434853,,,,,60.152305,118.525334,,,,,70.512595,131.41296,,,,,531.182595,592.08296,,,
54.520352,63.435424,,,,,60.160273,118.586531,,,,,70.522895,131.41483,,,,,531.192895,592.08483,,,
54.598479,63.435404,,,,,60.159032,118.595708,,,,,70.530985,131.416818,,,,,531.200985,592.086818,,,
54.647735,63.435716,,,,,60.16249,118.610478,,,,,70.540441,131.419723,,,,,531.210441,592.089723,,,
54.651617,63.435713,,,,,60.16515,118.645169,,,,,70.548385,131.422702,,,,,531.218385,592.092702,,,
54.666268,63.435692,,,,,60.167735,118.670812,,,,,70.557859,131.427222,,,,,531.227859,592.097222,,,
54.748028,63.435862,,,,,60.172548,118.706385,,,,,70.565589,131.431149,,,,,531.235589,592.101149,,,
54.864661,63.435784,,,,,60.176757,118.707647,,,,,70.574474,131.435508,,,,,531.244474,592.105508,,,
54.851186,63.435487,,,,,60.183175,118.704067,,,,,70.581086,131.438778,,,,,531.251086,592.108778,,,
54.825472,63.435262,,,,,60.188512,118.678329,,,,,70.588474,131.44341,,,,,531.258474,592.11341,,,
54.887847,63.435283,,,,,60.192461,118.679492,,,,,70.594277,131.447696,,,,,531.264277,592.117696,,,
54.909558,63.435272,,,,,60.19671,118.692429,,,,,70.601412,131.453141,,,,,531.271412,592.123141,,,
54.881175,63.434952,,,,,60.203618,118.683043,,,,,70.607666,131.457806,,,,,531.277666,592.127806,,,
54.826159,63.434674,,,,,60.209722,118.767031,,,,,70.614465,131.46369,,,,,531.284465,592.13369,,,
54.865928,63.434646,,,,,60.215847,118.775389,,,,,70.619763,131.468502,,,,,531.289763,592.138502,,,
54.974239,63.434504,,,,,60.223401,118.85701,,,,,70.625814,131.474055,,,,,531.295814,592.144055,,,
55.088401,63.43436,,,,,60.224772,118.859471,,,,,70.630628,131.478709,,,,,531.300628,592.148709,,,
55.161687,63.43426,,,,,60.227527,118.850078,,,,,70.636392,131.48417,,,,,531.306392,592.15417,,,
55.203977,63.434247,,,,,60.230927,118.839163,,,,,70.640953,131.489166,,,,,531.310953,592.159166,,,
55.259046,63.433846,,,,,60.231968,118.772478,,,,,70.646429,131.49517,,,,,531.316429,592.16517,,,
55.173128,63.433615,,,,,60.236492,118.821205,,,,,70.650849,131.500258,,,,,531.320849,592.170258,,,
55.156426,63.433232,,,,,60.243615,118.760532,,,,,70.655821,131.506521,,,,,531.325821,592.176521,,,
55.222471,63.433316,,,,,60.248024,118.706479,,,,,70.660101,131.511625,,,,,531.330101,592.181625,,,
55.141004,63.433533,,,,,60.256745,118.691088,,,,,70.665411,131.517443,,,,,531.335411,592.187443,,,
55.117341,63.433305,,,,,60.259754,118.68304,,,,,70.669738,131.522013,,,,,531.339738,592.192013,,,
55.071642,63.433153,,,,,60.263799,118.691999,,,,,70.674555,131.527235,,,,,531.344555,592.197235,,,
55.15512,63.433213,,,,,60.268207,118.752997,,,,,70.678836,131.531986,,,,,531.348836,592.201986,,,
55.158105,63.433229,,,,,60.274685,118.746959,,,,,70.684493,131.537698,,,,,531.354493,592.207698,,,
55.144157,63.43341,,,,,60.281562,118.751801,,,,,70.688957,131.541965,,,,,531.358957,592.211965,,,
55.039712,63.433368,,,,,60.288353,118.775652,,,,,70.69361,131.546674,,,,,531.36361,592.216674,,,
55.027697,63.433523,,,,,60.291647,118.785376,,,,,70.69718,131.550396,,,,,531.36718,592.220396,,,
55.019745,63.433672,,,,,60.293184,118.731945,,,,,70.701576,131.554465,,,,,531.371576,592.224465,,,
54.987524,63.433804,,,,,60.298382,118.674373,,,,,70.70549,131.557919,,,,,531.37549,592.227919,,,
54.91932,63.441976,,,,,60.305099,118.573357,,,,,70.710814,131.562172,,,,,531.380814,592.232172,,,
54.741718,63.442034,,,,,60.312598,118.578746,,,,,70.715832,131.565999,,,,,531.385832,592.235999,,,
54.698686,63.446186,,,,,60.31554,118.60276,,,,,70.721737,131.570784,,,,,531.391737,592.240784,,,
54.714454,63.458264,,,,,60.31895,118.639661,,,,,70.728203,131.575728,,,,,531.398203,592.245728,,,
54.704933,63.466505,,,,,60.329184,118.679752,,,,,70.733656,131.580387,,,,,531.403656,592.250387,,,
54.769984,63.491106,,,,,60.339837,118.677185,,,,,70.740279,131.585809,,,,,531.410279,592.255809,,,
54.72109,63.499379,,,,,60.346946,118.674119,,,,,70.74598,131.589603,,,,,531.41598,592.259603,,,
54.646387,63.519509,,,,,60.355484,118.711354,,,,,70.752578,131.593778,,,,,531.422578,592.263778,,,
54.729173,63.531392,,,,,60.360581,118.772955,,,,,70.757445,131.597255,,,,,531.427445,592.267255,,,
54.639468,63.53967,,,,,60.371668,118.853022,,,,,70.763077,131.601959,,,,,531.433077,592.271959,,,
54.544825,63.543756,,,,,60.381681,118.815636,,,,,70.768263,131.606117,,,,,531.438263,592.276117,,,
54.457782,63.568303,,,,,60.396644,118.776686,,,,,70.774449,131.610214,,,,,531.444449,592.280214,,,
54.494097,63.588989,,,,,60.408087,118.805148,,,,,70.778531,131.612647,,,,,531.448531,592.282647,,,
54.547272,63.613523,,,,,60.42467,118.81249,,,,,70.782109,131.614557,,,,,531.452109,592.284557,,,
54.640649,63.633736,,,,,60.437865,118.82157,,,,,70.783956,131.615378,,,,,531.453956,592.285378,,,
54.693619,63.658149,,,,,60.457481,118.851648,,,,,70.784939,131.615962,,,,,531.454939,592.285962,,,
54.754462,63.678552,,,,,60.471108,118.893812,,,,,70.784488,131.616193,,,,,531.454488,592.286193,,,
54.775424,63.702976,,,,,60.489956,118.927578,,,,,70.782484,131.61606,,,,,531.452484,592.28606,,,
54.87365,63.719166,,,,,60.50311,118.997542,,,,,70.779348,131.61582,,,,,531.449348,592.28582,,,
54.994288,63.73939,,,,,60.521287,118.999361,,,,,70.774146,131.615088,,,,,531.444146,592.285088,,,
55.033365,63.75957,,,,,60.534684,119.029172,,,,,70.768836,131.6142,,,,,531.438836,592.2842,,,
54.967118,63.767675,,,,,60.549074,119.043144,,,,,70.760792,131.613109,,,,,531.430792,592.283109,,,
55.003701,63.7797,,,,,60.555834,119.020666,,,,,70.7526,131.612113,,,,,531.4226,592.282113,,,
54.974507,63.783524,,,,,60.563268,119.069378,,,,,70.74127,131.611052,,,,,531.41127,592.281052,,,
54.998891,63.791437,,,,,60.570159,119.127332,,,,,70.730381,131.610682,,,,,531.400381,592.280682,,,
54.987298,63.799647,,,,,60.579197,119.167071,,,,,70.715703,131.611534,,,,,531.385703,592.281534,,,
54.942501,63.803793,,,,,60.58266,119.150403,,,,,70.703066,131.612889,,,,,531.373066,592.282889,,,
54.917773,63.824272,,,,,60.585408,119.152944,,,,,70.686976,131.614816,,,,,531.356976,592.284816,,,
55.055847,63.840536,,,,,60.584549,119.192673,,,,,70.671936,131.616867,,,,,531.341936,592.286867,,,
55.136419,63.840625,,,,,60.579814,119.238332,,,,,70.652314,131.620669,,,,,531.322314,592.290669,,,
55.121286,63.840497,,,,,60.572003,119.253113,,,,,70.635361,131.625437,,,,,531.305361,592.295437,,,
55.043977,63.840483,,,,,60.559724,119.326017,,,,,70.61503,131.632819,,,,,531.28503,592.302819,,,
55.00315,63.840719,,,,,60.551234,119.339365,,,,,70.597955,131.640143,,,,,531.267955,592.310143,,,
54.982241,63.832563,,,,,60.534291,119.359237,,,,,70.576864,131.650402,,,,,531.246864,592.320402,,,
54.973413,63.812157,,,,,60.522354,119.347984,,,,,70.559313,131.659774,,,,,531.229313,592.329774,,,
55.026687,63.787673,,,,,60.498658,119.390859,,,,,70.538278,131.672439,,,,,531.208278,592.342439,,,
54.941263,63.767349,,,,,60.484734,119.385696,,,,,70.520991,131.68391,,,,,531.190991,592.35391,,,
54.888256,63.743146,,,,,60.462643,119.422394,,,,,70.500149,131.698596,,,,,531.170149,592.368596,,,
54.896867,63.722919,,,,,60.447019,119.43972,,,,,70.482218,131.711628,,,,,531.152218,592.381628,,,
54.917484,63.698695,,,,,60.430769,119.471136,,,,,70.460913,131.727745,,,,,531.130913,592.397745,,,
54.970968,63.678547,,,,,60.411987,119.465261,,,,,70.44317,131.741228,,,,,531.11317,592.411228,,,
54.971451,63.654538,,,,,60.397623,119.512397,,,,,70.421474,131.757462,,,,,531.091474,592.427462,,,
54.947025,63.634521,,,,,60.38442,119.44036,,,,,70.403582,131.770951,,,,,531.073582,592.440951,,,
55.015713,63.610268,,,,,60.369869,119.443211,,,,,70.382132,131.786488,,,,,531.052132,592.456488,,,
55.056335,63.58998,,,,,60.359565,119.512573,,,,,70.364083,131.79912,,,,,531.034083,592.46912,,,
55.109573,63.565725,,,,,60.344798,119.501717,,,,,70.342074,131.813878,,,,,531.012074,592.483878,,,
55.080782,63.545406,,,,,60.333496,119.488921,,,,,70.324317,131.825324,,,,,530.994317,592.495324,,,
55.000155,63.520993,,,,,60.317809,119.516807,,,,,70.303401,131.838301,,,,,530.973401,592.508301,,,
54.898013,63.500753,,,,,60.309946,119.503824,,,,,70.286319,131.848517,,,,,530.956319,592.518517,,,
54.84627,63.476366,,,,,60.300472,119.513148,,,,,70.266611,131.859851,,,,,530.936611,592.529851,,,
54.82949,63.456074,,,,,60.291472,119.485542,,,,,70.251015,131.868942,,,,,530.921015,592.538942,,,
54.807807,63.435802,,,,,60.28077,119.498358,,,,,70.233099,131.87957,,,,,530.903099,592.54957,,,
54.790992,63.435729,,,,,60.272561,119.495541,,,,,70.218998,131.88826,,,,,530.888998,592.55826,,,
54.920983,63.435844,,,,,60.270829,119.479121,,,,,70.202511,131.897574,,,,,530.872511,592.567574,,,
54.988643,63.435763,,,,,60.265192,119.535869,,,,,70.188955,131.904408,,,,,530.858955,592.574408,,,
55.100886,63.435587,,,,,60.261026,119.530229,,,,,70.1732,131.911548,,,,,530.8432,592.581548,,,
55.074055,63.435571,,,,,60.258193,119.528904,,,,,70.160629,131.916447,,,,,530.830629,592.586447,,,
55.087001,63.435482,,,,,60.248685,119.508467,,,,,70.145496,131.920951,,,,,530.815496,592.590951,,,
55.030076,63.435577,,,,,60.246116,119.529562,,,,,70.133135,131.924221,,,,,530.803135,592.594221,,,
54.937864,63.435451,,,,,60.239999,119.565371,,,,,70.119513,131.927896,,,,,530.789513,592.597896,,,
54.925615,63.435519,,,,,60.234325,119.598057,,,,,70.109164,131.930688,,,,,530.779164,592.600688,,,
54.999216,63.435435,,,,,60.225409,119.567201,,,,,70.097334,131.933416,,,,,530.767334,592.603416,,,
55.072591,63.435293,,,,,60.218043,119.512812,,,,,70.085763,131.935114,,,,,530.755763,592.605114,,,
55.083208,63.435257,,,,,60.210567,119.560081,,,,,70.076523,131.935985,,,,,530.746523,592.605985,,,
55.086206,63.435409,,,,,60.208225,119.611003,,,,,70.065945,131.936962,,,,,530.735945,592.606962,,,
55.197121,63.435729,,,,,60.204257,119.574928,,,,,70.057809,131.93773,,,,,530.727809,592.60773,,,
55.248885,63.435666,,,,,60.199071,119.58952,,,,,70.048451,131.938337,,,,,530.718451,592.608337,,,
55.281853,63.435524,,,,,60.192435,119.596628,,,,,70.040871,131.938565,,,,,530.710871,592.608565,,,
55.36728,63.435312,,,,,60.186413,119.579791,,,,,70.031961,131.93839,,,,,530.701961,592.60839,,,
55.379621,63.435472,,,,,60.181363,119.601825,,,,,70.025342,131.937892,,,,,530.695342,592.607892,,,
55.317602,63.435293,,,,,60.177386,119.613817,,,,,70.017492,131.936639,,,,,530.687492,592.606639,,,
55.228167,63.435362,,,,,60.170086,119.597635,,,,,70.0112,131.935439,,,,,530.6812,592.605439,,,
55.21076,63.435498,,,,,60.16336,119.541627,,,,,70.003694,131.933758,,,,,530.673694,592.603758,,,
55.122576,63.435718,,,,,60.156298,119.559264,,,,,69.997658,131.932191,,,,,530.667658,592.602191,,,
54.970266,63.435529,,,,,60.151955,119.562028,,,,,69.990805,131.930866,,,,,530.660805,592.600866,,,
54.957204,63.435786,,,,,60.149509,119.659286,,,,,69.985713,131.929939,,,,,530.655713,592.599939,,,
54.883299,63.435653,,,,,60.142176,119.609048,,,,,69.98028,131.928728,,,,,530.65028,592.598728,,,
54.959208,63.435692,,,,,60.13746,119.588711,,,,,69.975535,131.927258,,,,,530.645535,592.597258,,,
54.959538,63.435708,,,,,60.131307,119.602947,,,,,69.969292,131.925037,,,,,530.639292,592.595037,,,
54.931202,63.435894,,,,,60.127452,119.627027,,,,,69.96384,131.923339,,,,,530.63384,592.593339,,,
55.00182,63.436028,,,,,60.120848,119.671776,,,,,69.957746,131.921143,,,,,530.627746,592.591143,,,
54.989496,63.435949,,,,,60.116029,119.649301,,,,,69.953191,131.919136,,,,,530.623191,592.589136,,,
55.014213,63.435802,,,,,60.109488,119.549327,,,,,69.947758,131.916892,,,,,530.617758,592.586892,,,
54.863657,63.435747,,,,,60.105853,119.593207,,,,,69.942853,131.914927,,,,,530.612853,592.584927,,,
54.824664,63.435831,,,,,60.099895,119.597019,,,,,69.936636,131.912388,,,,,530.606636,592.582388,,,
54.851422,63.436085,,,,,60.094966,119.63033,,,,,69.931552,131.909944,,,,,530.601552,592.579944,,,
54.762173,63.42006,,,,,60.088222,119.65979,,,,,69.925513,131.907072,,,,,530.595513,592.577072,,,
54.741744,63.419984,,,,,60.081519,119.620722,,,,,69.920466,131.905042,,,,,530.590466,592.575042,,,
54.761688,63.403938,,,,,60.073945,119.596824,,,,,69.914587,131.902568,,,,,530.584587,592.572568,,,
54.663803,63.403904,,,,,60.066568,119.597742,,,,,69.909627,131.901076,,,,,530.579627,592.571076,,,
54.465126,63.387538,,,,,60.059197,119.686956,,,,,69.903731,131.899912,,,,,530.573731,592.569912,,,
54.393592,63.37536,,,,,60.054356,119.65365,,,,,69.899069,131.899539,,,,,530.569069,592.569539,,,
54.453179,63.351346,,,,,60.042833,119.643297,,,,,69.893256,131.899147,,,,,530.563256,592.569147,,,
54.53111,63.339152,,,,,60.034499,119.537409,,,,,69.88845,131.898799,,,,,530.55845,592.568799,,,
54.663792,63.332422,,,,,60.026998,119.574304,,,,,69.882764,131.898409,,,,,530.552764,592.568409,,,
54.700451,63.328228,,,,,60.018635,119.505614,,,,,69.878226,131.898231,,,,,530.548226,592.568231,,,
54.734956,63.303981,,,,,60.006574,119.436262,,,,,69.872501,131.898064,,,,,530.542501,592.568064,,,
54.714486,63.291737,,,,,60.000986,119.451332,,,,,69.867835,131.897669,,,,,530.537835,592.567669,,,
54.621644,63.274086,,,,,59.991368,119.430389,,,,,69.862303,131.897051,,,,,530.532303,592.567051,,,
54.50397,63.253833,,,,,59.986196,119.438418,,,,,69.857765,131.896917,,,,,530.527765,592.566917,,,
54.436013,63.229491,,,,,59.975918,119.449057,,,,,69.85234,131.896566,,,,,530.52234,592.566566,,,
54.372888,63.209314,,,,,59.966675,119.39078,,,,,69.847826,131.896461,,,,,530.517826,592.566461,,,
54.413211,63.184869,,,,,59.955184,119.40285,,,,,69.843191,131.896756,,,,,530.513191,592.566756,,,
54.40145,63.164558,,,,,59.949958,119.309805,,,,,69.839421,131.897196,,,,,530.509421,592.567196,,,
54.389472,63.156428,,,,,59.937952,119.244473,,,,,69.834483,131.897591,,,,,530.504483,592.567591,,,
54.389228,63.136368,,,,,59.931008,119.290007,,,,,69.830046,131.897513,,,,,530.500046,592.567513,,,
54.364883,63.128012,,,,,59.924048,119.346921,,,,,69.824575,131.897407,,,,,530.494575,592.567407,,,
54.388388,63.107683,,,,,59.917056,119.36752,,,,,69.820193,131.897229,,,,,530.490193,592.567229,,,
54.52373,63.099731,,,,,59.909184,119.326574,,,,,69.814727,131.896394,,,,,530.484727,592.566394,,,
54.583524,63.087841,,,,,59.903875,119.347744,,,,,69.809767,131.895191,,,,,530.479767,592.565191,,,
54.709439,63.087731,,,,,59.89968,119.304923,,,,,69.804048,131.89297,,,,,530.474048,592.56297,,,
54.634889,63.079317,,,,,59.898307,119.328758,,,,,69.798362,131.890058,,,,,530.468362,592.560058,,,
54.592751,63.0656,,,,,59.89531,119.337428,,,,,69.793581,131.887422,,,,,530.463581,592.557422,,,
54.550965,63.045315,,,,,59.891619,119.402289,,,,,69.789131,131.884252,,,,,530.459131,592.554252,,,
54.510201,63.045074,,,,,59.89559,119.400531,,,,,69.784777,131.880115,,,,,530.454777,592.550115,,,
54.55016,63.049239,,,,,59.893077,119.379009,,,,,69.781782,131.876369,,,,,530.451782,592.546369,,,
54.483134,63.038323,,,,,59.89435,119.363072,,,,,69.778603,131.871367,,,,,530.448603,592.541367,,,
54.516966,63.038213,,,,,59.892507,119.324851,,,,,69.77557,131.865621,,,,,530.44557,592.535621,,,
54.500717,63.046349,,,,,59.894729,119.308244,,,,,69.773404,131.860308,,,,,530.443404,592.530308,,,
54.567415,63.054459,,,,,59.897669,119.31852,,,,,69.771345,131.853104,,,,,530.441345,592.523104,,,
54.540093,63.070573,,,,,59.900889,119.328774,,,,,69.770154,131.846593,,,,,530.440154,592.516593,,,
54.589336,63.090669,,,,,59.904075,119.345481,,,,,69.769518,131.838267,,,,,530.439518,592.508267,,,
54.552087,63.110634,,,,,59.914701,119.375677,,,,,69.770035,131.830858,,,,,530.440035,592.500858,,,
54.527806,63.134695,,,,,59.922109,119.35601,,,,,69.771483,131.821099,,,,,530.441483,592.491099,,,
54.545184,63.155176,,,,,59.928801,119.336916,,,,,69.773143,131.812085,,,,,530.443143,592.482085,,,
54.640725,63.179757,,,,,59.937175,119.263802,,,,,69.776187,131.800319,,,,,530.446187,592.470319,,,
54.654125,63.199992,,,,,59.946215,119.196518,,,,,69.780098,131.790318,,,,,530.450098,592.460318,,,
54.531855,63.22409,,,,,59.952347,119.217214,,,,,69.7858,131.777714,,,,,530.4558,592.447714,,,
54.491136,63.244294,,,,,59.962187,119.245466,,,,,69.7912,131.766575,,,,,530.4612,592.436575,,,
54.529343,63.268654,,,,,59.971314,119.218533,,,,,69.797732,131.753047,,,,,530.467732,592.423047,,,
54.495162,63.288994,,,,,59.980582,119.211591,,,,,69.803547,131.74174,,,,,530.473547,592.41174,,,
54.462603,63.313606,,,,,59.99312,119.161512,,,,,69.81061,131.728663,,,,,530.48061,592.398663,,,
54.469742,63.333983,,,,,59.999955,119.208846,,,,,69.8164,131.717807,,,,,530.4864,592.387807,,,
54.423203,63.350249,,,,,60.009144,119.203531,,,,,69.823978,131.704775,,,,,530.493978,592.374775,,,
54.493279,63.370662,,,,,60.018674,119.150469,,,,,69.83063,131.694404,,,,,530.50063,592.364404,,,
54.541948,63.395343,,,,,60.029624,119.132838,,,,,69.838645,131.682106,,,,,530.508645,592.352106,,,
54.641338,63.411586,,,,,60.036361,119.170797,,,,,69.845646,131.672158,,,,,530.515646,592.342158,,,
54.692648,63.423643,,,,,60.041672,119.180849,,,,,69.854391,131.660643,,,,,530.524391,592.330643,,,
54.773887,63.427645,,,,,60.050825,119.198432,,,,,69.862193,131.651065,,,,,530.532193,592.321065,,,
54.773304,63.435986,,,,,60.057228,119.196176,,,,,69.871226,131.639502,,,,,530.541226,592.309502,,,
54.846609,63.436356,,,,,60.05994,119.196598,,,,,69.877953,131.630075,,,,,530.547953,592.300075,,,
54.952168,63.436447,,,,,60.067573,119.121729,,,,,69.88564,131.618932,,,,,530.55564,592.288932,,,
55.00945,63.436353,,,,,60.074668,119.096249,,,,,69.892128,131.610209,,,,,530.562128,592.280209,,,
54.934417,63.436196,,,,,60.08431,119.096602,,,,,69.89968,131.600261,,,,,530.56968,592.270261,,,
54.873613,63.436327,,,,,60.086242,119.070402,,,,,69.905454,131.592064,,,,,530.575454,592.262064,,,
54.975089,63.436481,,,,,60.093639,119.073135,,,,,69.912151,131.58282,,,,,530.582151,592.25282,,,
54.975112,63.436746,,,,,60.094931,119.021255,,,,,69.917614,131.575833,,,,,530.587614,592.245833,,,
54.885235,63.436967,,,,,60.098087,118.986641,,,,,69.92482,131.567956,,,,,530.59482,592.237956,,,
54.905404,63.436683,,,,,60.099476,118.94074,,,,,69.930836,131.561691,,,,,530.600836,592.231691,,,
54.908118,63.436534,,,,,60.098211,118.881971,,,,,69.938174,131.554504,,,,,530.608174,592.224504,,,
54.924078,63.436201,,,,,60.098535,118.814642,,,,,69.944114,131.549163,,,,,530.614114,592.219163,,,
54.813118,63.436185,,,,,60.09982,118.803545,,,,,69.950918,131.543323,,,,,530.620918,592.213323,,,
54.752144,63.436151,,,,,60.100478,118.803597,,,,,69.9564,131.538625,,,,,530.6264,592.208625,,,
54.751687,63.436028,,,,,60.100668,118.786756,,,,,69.962766,131.533197,,,,,530.632766,592.203197,,,
54.75528,63.436206,,,,,60.10255,118.709285,,,,,69.967663,131.528704,,,,,530.637663,592.198704,,,
54.823148,63.436274,,,,,60.110439,118.658822,,,,,69.973272,131.52331,,,,,530.643272,592.19331,,,
54.764783,63.436316,,,,,60.113962,118.58549,,,,,69.97756,131.518442,,,,,530.64756,592.188442,,,
54.690065,63.436033,,,,,60.121666,118.582274,,,,,69.982595,131.512444,,,,,530.652595,592.182444,,,
54.749075,63.436054,,,,,60.126805,118.585229,,,,,69.987018,131.507918,,,,,530.657018,592.177918,,,
54.732231,63.436301,,,,,60.128602,118.596272,,,,,69.992401,131.50313,,,,,530.662401,592.17313,,,
54.708251,63.436306,,,,,60.132964,118.619232,,,,,69.996604,131.49957,,,,,530.666604,592.16957,,,
54.764326,63.436133,,,,,60.136081,118.600174,,,,,70.001253,131.495671,,,,,530.671253,592.165671,,,
54.796222,63.436112,,,,,60.13983,118.601677,,,,,70.005007,131.492631,,,,,530.675007,592.162631,,,
54.780171,63.435944,,,,,60.142518,118.577203,,,,,70.00951,131.489447,,,,,530.67951,592.159447,,,
54.821126,63.435742,,,,,60.144953,118.592537,,,,,70.013028,131.487053,,,,,530.683028,592.157053,,,
54.903172,63.435807,,,,,60.150072,118.602389,,,,,70.016908,131.484821,,,,,530.686908,592.154821,,,
54.864536,63.436106,,,,,60.156895,118.638131,,,,,70.020035,131.48329,,,,,530.690035,592.15329,,,
54.938257,63.436117,,,,,60.164225,118.668695,,,,,70.023921,131.481409,,,,,530.693921,592.151409,,,
54.910067,63.436466,,,,,60.170023,118.673406,,,,,70.026583,131.479357,,,,,530.696583,592.149357,,,
55.014239,63.436374,,,,,60.177324,118.628316,,,,,70.029291,131.477136,,,,,530.699291,592.147136,,,
55.026656,63.436332,,,,,60.181873,118.662783,,,,,70.03132,131.475497,,,,,530.70132,592.145497,,,
54.971535,63.436348,,,,,60.188338,118.691501,,,,,70.033852,131.473465,,,,,530.703852,592.143465,,,
54.904082,63.43613,,,,,60.195786,118.791355,,,,,70.036156,131.471898,,,,,530.706156,592.141898,,,
54.847047,63.436196,,,,,60.200139,118.866881,,,,,70.038834,131.470501,,,,,530.708834,592.140501,,,
54.77834,63.436049,,,,,60.202242,118.887653,,,,,70.041138,131.469916,,,,,530.711138,592.139916,,,
54.735725,63.436117,,,,,60.205291,118.869462,,,,,70.042583,131.469663,,,,,530.712583,592.139663,,,
54.658145,63.435983,,,,,60.20887,118.905574,,,,,70.043898,131.469365,,,,,530.713898,592.139365,,,
54.556829,63.435493,,,,,60.215593,118.942722,,,,,70.045286,131.469014,,,,,530.715286,592.139014,,,
54.474699,63.435306,,,,,60.218704,118.928647,,,,,70.047009,131.468446,,,,,530.717009,592.138446,,,
54.426639,63.435383,,,,,60.221937,118.966229,,,,,70.047911,131.467603,,,,,530.717911,592.137603,,,
54.335581,63.435561,,,,,60.221741,119.026209,,,,,70.048781,131.466545,,,,,530.718781,592.136545,,,
54.322011,63.435668,,,,,60.226861,119.019322,,,,,70.049224,131.465669,,,,,530.719224,592.135669,,,
54.204051,63.435765,,,,,60.23169,119.008473,,,,,70.049524,131.464625,,,,,530.719524,592.134625,,,
54.174085,63.435802,,,,,60.236382,119.04375,,,,,70.049882,131.463701,,,,,530.719882,592.133701,,,
54.171746,63.435561,,,,,60.238935,119.055229,,,,,70.050581,131.462587,,,,,530.720581,592.132587,,,
54.155251,63.435524,,,,,60.241711,119.070243,,,,,70.050576,131.46129,,,,,530.720576,592.13129,,,
54.10642,63.435251,,,,,60.248932,119.101546,,,,,70.050801,131.459882,,,,,530.720801,592.129882,,,
54.106695,63.443466,,,,,60.253558,119.138207,,,,,70.051445,131.458674,,,,,530.721445,592.128674,,,
54.20431,63.443455,,,,,60.258169,119.161787,,,,,70.052194,131.456687,,,,,530.722194,592.126687,,,
54.279978,63.447579,,,,,60.264898,119.176207,,,,,70.052791,131.455159,,,,,530.722791,592.125159,,,
54.312765,63.452116,,,,,60.26566,119.078166,,,,,70.053248,131.453564,,,,,530.723248,592.123564,,,
54.291618,63.452032,,,,,60.26979,119.061398,,,,,70.053554,131.452036,,,,,530.723554,592.122036,,,
54.357959,63.452174,,,,,60.272294,119.09203,,,,,70.054297,131.450115,,,,,530.724297,592.120115,,,
54.423851,63.452163,,,,,60.27336,119.118913,,,,,70.054891,131.44884,,,,,530.724891,592.11884,,,
54.610591,63.452142,,,,,60.27458,119.097481,,,,,70.055992,131.447237,,,,,530.725992,592.117237,,,
54.663336,63.452321,,,,,60.275794,119.122792,,,,,70.057281,131.445979,,,,,530.727281,592.115979,,,
54.695948,63.45273,,,,,60.278663,119.118475,,,,,70.058398,131.444532,,,,,530.728398,592.114532,,,
54.727773,63.45296,,,,,60.280923,119.031436,,,,,70.059917,131.443357,,,,,530.729917,592.113357,,,
54.762108,63.452706,,,,,60.28605,119.01438,,,,,70.061461,131.441871,,,,,530.731461,592.111871,,,
54.804594,63.452656,,,,,60.288183,118.979974,,,,,70.062483,131.440501,,,,,530.732483,592.110501,,,
54.827491,63.452693,,,,,60.292799,119.032558,,,,,70.063936,131.438898,,,,,530.733936,592.108898,,,
54.817089,63.452578,,,,,60.293121,119.023063,,,,,70.065362,131.437676,,,,,530.735362,592.107676,,,
54.84071,63.456674,,,,,60.297916,118.970112,,,,,70.066663,131.436092,,,,,530.736663,592.106092,,,
54.883913,63.46887,,,,,60.301453,118.998855,,,,,70.067723,131.435179,,,,,530.737723,592.105179,,,
54.965319,63.469211,,,,,60.303787,119.035172,,,,,70.069441,131.433949,,,,,530.739441,592.103949,,,
54.913663,63.481326,,,,,60.303124,118.985071,,,,,70.070665,131.43263,,,,,530.740665,592.10263,,,
54.799669,63.501739,,,,,60.303086,119.024244,,,,,70.071863,131.43126,,,,,530.741863,592.10126,,,
54.731602,63.501797,,,,,60.303515,119.049298,,,,,70.0727,131.430153,,,,,530.7427,592.100153,,,
54.621922,63.501519,,,,,60.306956,119.067259,,,,,70.074169,131.428825,,,,,530.744169,592.098825,,,
54.604945,63.521578,,,,,60.312143,119.079513,,,,,70.07554,131.427637,,,,,530.74554,592.097637,,,
54.57281,63.545965,,,,,60.315802,119.055187,,,,,70.076889,131.425886,,,,,530.746889,592.095886,,,
54.594293,63.566412,,,,,60.320205,119.003824,,,,,70.078155,131.423921,,,,,530.748155,592.093921,,,
54.471332,63.582873,,,,,60.327419,119.028555,,,,,70.079718,131.421844,,,,,530.749718,592.091844,,,
54.393136,63.602997,,,,,60.330607,118.986661,,,,,70.080993,131.420489,,,,,530.750993,592.090489,,,
54.349508,63.606758,,,,,60.333799,119.004179,,,,,70.082916,131.418568,,,,,530.752916,592.088568,,,
54.297183,63.614813,,,,,60.336126,119.087602,,,,,70.084717,131.416868,,,,,530.754717,592.086868,,,
54.342416,63.614834,,,,,60.343306,119.112873,,,,,70.087122,131.414802,,,,,530.757122,592.084802,,,
54.333924,63.635127,,,,,60.349364,119.119756,,,,,70.089316,131.412843,,,,,530.759316,592.082843,,,
54.394903,63.659282,,,,,60.355682,119.093549,,,,,70.091449,131.410633,,,,,530.761449,592.080633,,,
54.488946,63.679764,,,,,60.359586,119.109374,,,,,70.092869,131.408501,,,,,530.762869,592.078501,,,
54.510354,63.695968,,,,,60.362674,119.108035,,,,,70.094614,131.406135,,,,,530.764614,592.076135,,,
54.499451,63.700093,,,,,60.364106,119.139828,,,,,70.096357,131.404254,,,,,530.766357,592.074254,,,
54.434156,63.720213,,,,,60.365537,119.085877,,,,,70.098247,131.402333,,,,,530.768247,592.072333,,,
54.461669,63.703993,,,,,60.368633,119.076977,,,,,70.099569,131.401092,,,,,530.769569,592.071092,,,
54.448959,63.703757,,,,,60.37104,119.077015,,,,,70.100895,131.399872,,,,,530.770895,592.069872,,,
54.451844,63.711662,,,,,60.37038,119.02202,,,,,70.102354,131.398865,,,,,530.772354,592.068865,,,
54.535637,63.70739,,,,,60.367483,119.055386,,,,,70.102566,131.398459,,,,,530.772566,592.068459,,,
54.631207,63.683294,,,,,60.360579,119.02889,,,,,70.102838,131.398784,,,,,530.772838,592.068784,,,
54.661699,63.662899,,,,,60.359184,118.992263,,,,,70.102894,131.399544,,,,,530.772894,592.069544,,,
54.588455,63.638219,,,,,60.349794,119.019881,,,,,70.102277,131.401325,,,,,530.772277,592.071325,,,
54.70407,63.625855,,,,,60.342125,118.996192,,,,,70.101515,131.403168,,,,,530.771515,592.073168,,,
54.790835,63.6014,,,,,60.334221,119.008443,,,,,70.100215,131.405367,,,,,530.770215,592.075367,,,
54.851983,63.597408,,,,,60.329347,118.992443,,,,,70.098418,131.407655,,,,,530.768418,592.077655,,,
54.884841,63.589146,,,,,60.320426,118.960931,,,,,70.095385,131.410956,,,,,530.765385,592.080956,,,
54.872527,63.589078,,,,,60.314051,118.971762,,,,,70.092729,131.414315,,,,,530.762729,592.084315,,,
54.828034,63.56882,,,,,60.300755,118.994158,,,,,70.089112,131.419325,,,,,530.759112,592.089325,,,
54.763936,63.548556,,,,,60.292459,118.97396,,,,,70.086115,131.423904,,,,,530.756115,592.093904,,,
54.726514,63.52397,,,,,60.283616,118.950288,,,,,70.082003,131.429933,,,,,530.752003,592.099933,,,
54.766412,63.51174,,,,,60.277689,119.001197,,,,,70.078114,131.435021,,,,,530.748114,592.105021,,,
54.790161,63.487204,,,,,60.266084,118.960075,,,,,70.072845,131.441233,,,,,530.742845,592.111233,,,
54.818416,63.466914,,,,,60.257356,118.935005,,,,,70.068433,131.446594,,,,,530.738433,592.116594,,,
54.801971,63.46695,,,,,60.249201,118.96046,,,,,70.063292,131.45333,,,,,530.733292,592.12333,,,
54.899353,63.446794,,,,,60.245025,118.969963,,,,,70.05935,131.459083,,,,,530.72935,592.129083,,,
54.936266,63.434811,,,,,60.240074,118.919806,,,,,70.054305,131.465646,,,,,530.724305,592.135646,,,
54.940476,63.434868,,,,,60.236218,118.9367,,,,,70.050245,131.47081,,,,,530.720245,592.14081,,,
54.892232,63.434727,,,,,60.234642,118.951542,,,,,70.044845,131.476298,,,,,530.714845,592.146298,,,
54.832947,63.434766,,,,,60.230137,118.989154,,,,,70.040158,131.480802,,,,,530.710158,592.150802,,,
54.916108,63.43484,,,,,60.23161,119.075827,,,,,70.034518,131.486202,,,,,530.704518,592.156202,,,
54.895123,63.434989,,,,,60.2314,119.060496,,,,,70.029669,131.490293,,,,,530.699669,592.160293,,,
54.808444,63.43522,,,,,60.229889,119.102222,,,,,70.023591,131.494947,,,,,530.693591,592.164947,,,
54.81262,63.435097,,,,,60.228859,119.082657,,,,,70.018585,131.498563,,,,,530.688585,592.168563,,,
54.832501,63.435236,,,,,60.229569,119.095192,,,,,70.012805,131.50288,,,,,530.682805,592.17288,,,
54.877854,63.435215,,,,,60.226343,119.07553,,,,,70.007715,131.506248,,,,,530.677715,592.176248,,,
54.898244,63.435194,,,,,60.229186,119.109363,,,,,70.001446,131.509705,,,,,530.671446,592.179705,,,
55.024188,63.435007,,,,,60.228613,119.0769,,,,,69.996588,131.512174,,,,,530.666588,592.182174,,,
55.0252,63.435023,,,,,60.223845,119.138249,,,,,69.990791,131.514968,,,,,530.660791,592.184968,,,
54.984712,63.435209,,,,,60.22122,119.053042,,,,,69.986214,131.517309,,,,,530.656214,592.187309,,,
54.993456,63.435451,,,,,60.221138,119.072969,,,,,69.981436,131.520031,,,,,530.651436,592.190031,,,
54.99824,63.435626,,,,,60.221366,119.116838,,,,,69.977789,131.522163,,,,,530.647789,592.192163,,,
55.112368,63.43555,,,,,60.218447,119.099837,,,,,69.973058,131.524176,,,,,530.643058,592.194176,,,
55.079778,63.435739,,,,,60.218983,119.106555,,,,,69.96905,131.525431,,,,,530.63905,592.195431,,,
55.05506,63.435718,,,,,60.218258,119.112659,,,,,69.964646,131.526784,,,,,530.634646,592.196784,,,
55.009733,63.435501,,,,,60.216706,119.149752,,,,,69.961275,131.527872,,,,,530.631275,592.197872,,,
54.992803,63.43539,,,,,60.212967,119.153335,,,,,69.957449,131.529164,,,,,530.627449,592.199164,,,
55.057552,63.435503,,,,,60.211621,119.118895,,,,,69.954149,131.530419,,,,,530.624149,592.200419,,,
55.110255,63.435508,,,,,60.209436,119.088928,,,,,69.950158,131.5321,,,,,530.620158,592.2021,,,
55.029113,63.435275,,,,,60.208636,119.112697,,,,,69.946839,131.533751,,,,,530.616839,592.203751,,,
55.053471,63.435259,,,,,60.207255,119.127947,,,,,69.942834,131.535538,,,,,530.612834,592.205538,,,
55.085915,63.435655,,,,,60.204302,119.128331,,,,,69.939677,131.536876,,,,,530.609677,592.206876,,,
55.030002,63.435456,,,,,60.199029,119.11528,,,,,69.935752,131.538591,,,,,530.605752,592.208591,,,
55.033039,63.435695,,,,,60.198373,119.118292,,,,,69.932796,131.540055,,,,,530.602796,592.210055,,,
55.032255,63.435794,,,,,60.194639,119.100921,,,,,69.930008,131.541845,,,,,530.600008,592.211845,,,
54.950894,63.435954,,,,,60.193164,119.11105,,,,,69.928001,131.543445,,,,,530.598001,592.213445,,,
54.893371,63.436064,,,,,60.190812,119.089562,,,,,69.925706,131.545204,,,,,530.595706,592.215204,,,
54.904187,63.435986,,,,,60.189858,119.101346,,,,,69.923705,131.546682,,,,,530.593705,592.216682,,,
54.935178,63.435894,,,,,60.188586,119.123913,,,,,69.920402,131.548386,,,,,530.590402,592.218386,,,
54.89859,63.435776,,,,,60.190414,119.154334,,,,,69.917361,131.549647,,,,,530.587361,592.219647,,,
54.754399,63.435876,,,,,60.187548,119.163177,,,,,69.913849,131.551194,,,,,530.583849,592.221194,,,
54.789227,63.435897,,,,,60.185855,119.146593,,,,,69.910706,131.552906,,,,,530.580706,592.222906,,,
54.849061,63.435928,,,,,60.181329,119.15899,,,,,69.906616,131.555239,,,,,530.576616,592.225239,,,
54.867966,63.436306,,,,,60.179448,119.194181,,,,,69.903038,131.557145,,,,,530.573038,592.227145,,,
54.947626,63.436411,,,,,60.175912,119.201173,,,,,69.898535,131.559656,,,,,530.568535,592.229656,,,
54.896701,63.436492,,,,,60.173895,119.202574,,,,,69.895023,131.561457,,,,,530.565023,592.231457,,,
54.940507,63.436712,,,,,60.172427,119.216999,,,,,69.891472,131.563027,,,,,530.561472,592.233027,,,
54.945585,63.436836,,,,,60.169924,119.251161,,,,,69.888869,131.563775,,,,,530.558869,592.233775,,,
54.953742,63.436715,,,,,60.16641,119.214504,,,,,69.885852,131.564572,,,,,530.555852,592.234572,,,
54.965093,63.436463,,,,,60.165737,119.229589,,,,,69.882704,131.565635,,,,,530.552704,592.235635,,,
54.968419,63.43645,,,,,60.166684,119.257098,,,,,69.880309,131.566662,,,,,530.550309,592.236662,,,
54.911612,63.436256,,,,,60.166044,119.276966,,,,,69.877675,131.567948,,,,,530.547675,592.237948,,,
54.932209,63.436243,,,,,60.166021,119.263122,,,,,69.874972,131.569111,,,,,530.544972,592.239111,,,
54.956611,63.436106,,,,,60.163001,119.339679,,,,,69.871466,131.570386,,,,,530.541466,592.240386,,,
55.005978,63.435925,,,,,60.164674,119.311137,,,,,69.868358,131.571182,,,,,530.538358,592.241182,,,
55.072465,63.435876,,,,,60.16543,119.339776,,,,,69.865229,131.571661,,,,,530.535229,592.241661,,,
54.960246,63.436222,,,,,60.166223,119.416629,,,,,69.863088,131.571834,,,,,530.533088,592.241834,,,
54.876238,63.43597,,,,,60.161897,119.350359,,,,,69.860132,131.572117,,,,,530.530132,592.242117,,,
54.922504,63.4358,,,,,60.162919,119.413989,,,,,69.857605,131.572187,,,,,530.527605,592.242187,,,
54.868464,63.435608,,,,,60.163068,119.418309,,,,,69.854806,131.571778,,,,,530.524806,592.241778,,,
54.889914,63.435566,,,,,60.165407,119.414846,,,,,69.852447,131.571227,,,,,530.522447,592.241227,,,
54.979026,63.435194,,,,,60.163609,119.422625,,,,,69.849656,131.570637,,,,,530.519656,592.240637,,,
54.95338,63.43517,,,,,60.164243,119.406985,,,,,69.847369,131.569946,,,,,530.517369,592.239946,,,
54.946611,63.43484,,,,,60.16287,119.369878,,,,,69.84479,131.568875,,,,,530.51479,592.238875,,,
54.954718,63.434438,,,,,60.157995,119.410716,,,,,69.842682,131.568137,,,,,530.512682,592.238137,,,
54.908793,63.434302,,,,,60.156569,119.378798,,,,,69.840623,131.567619,,,,,530.510623,592.237619,,,
54.811183,63.434475,,,,,60.156151,119.337774,,,,,69.839333,131.567458,,,,,530.509333,592.237458,,,
54.717397,63.434564,,,,,60.156071,119.314502,,,,,69.83821,131.56684,,,,,530.50821,592.23684,,,
54.702536,63.434554,,,,,60.155075,119.331905,,,,,69.837125,131.565869,,,,,530.507125,592.235869,,,
54.740687,63.434737,,,,,60.15221,119.307044,,,,,69.834786,131.564238,,,,,530.504786,592.234238,,,
54.685577,63.434556,,,,,60.14925,119.30103,,,,,69.832876,131.562428,,,,,530.502876,592.232428,,,
54.611022,63.434569,,,,,60.14761,119.238542,,,,,69.830787,131.559993,,,,,530.500787,592.229993,,,
54.531735,63.434732,,,,,60.146135,119.276376,,,,,69.82938,131.558287,,,,,530.49938,592.228287,,,
54.466542,63.434937,,,,,60.142595,119.2147,,,,,69.827657,131.556316,,,,,530.497657,592.226316,,,
54.485406,63.434646,,,,,60.135539,119.180154,,,,,69.826088,131.554612,,,,,530.496088,592.224612,,,
54.523302,63.434664,,,,,60.134271,119.150135,,,,,69.82471,131.552734,,,,,530.49471,592.222734,,,
54.417171,63.434722,,,,,60.129815,119.123122,,,,,69.823947,131.551272,,,,,530.493947,592.221272,,,
54.333173,63.434622,,,,,60.124908,119.155537,,,,,69.823259,131.549335,,,,,530.493259,592.219335,,,
54.235257,63.434543,,,,,60.12091,119.191722,,,,,69.822623,131.547924,,,,,530.492623,592.217924,,,
54.224259,63.434787,,,,,60.119445,119.164207,,,,,69.821784,131.546368,,,,,530.491784,592.216368,,,
54.21552,63.434905,,,,,60.11644,119.124979,,,,,69.821569,131.54511,,,,,530.491569,592.21511,,,
54.262358,63.435094,,,,,60.113815,119.170166,,,,,69.821536,131.543946,,,,,530.491536,592.213946,,,
54.169307,63.43532,,,,,60.111278,119.135925,,,,,69.82117,131.543287,,,,,530.49117,592.213287,,,
54.085726,63.435493,,,,,60.108534,119.075665,,,,,69.820154,131.542627,,,,,530.490154,592.212627,,,
54.126592,63.435293,,,,,60.105875,119.064243,,,,,69.818663,131.542054,,,,,530.488663,592.212054,,,
54.122432,63.435089,,,,,60.101133,119.095852,,,,,69.815839,131.542076,,,,,530.485839,592.212076,,,
54.046059,63.434926,,,,,60.095646,119.046412,,,,,69.813477,131.54268,,,,,530.483477,592.21268,,,
54.021685,63.435002,,,,,60.090394,119.094365,,,,,69.811633,131.543846,,,,,530.481633,592.213846,,,
54.121687,63.435183,,,,,60.086819,119.088641,,,,,69.81051,131.545305,,,,,530.48051,592.215305,,,
54.22737,63.435304,,,,,60.082335,119.139175,,,,,69.808931,131.547153,,,,,530.478931,592.217153,,,
54.357004,63.435186,,,,,60.078156,119.150693,,,,,69.80723,131.548664,,,,,530.47723,592.218664,,,
54.366449,63.435202,,,,,60.073596,119.209048,,,,,69.805223,131.550702,,,,,530.475223,592.220702,,,
54.386956,63.435068,,,,,60.075441,119.266971,,,,,69.803404,131.552386,,,,,530.473404,592.222386,,,
54.472155,63.43522,,,,,60.073619,119.335089,,,,,69.801032,131.553967,,,,,530.471032,592.223967,,,
54.614998,63.435152,,,,,60.069797,119.322603,,,,,69.798777,131.555119,,,,,530.468777,592.225119,,,
54.781771,63.435225,,,,,60.06576,119.317458,,,,,69.79572,131.556689,,,,,530.46572,592.226689,,,
54.83878,63.435262,,,,,60.06453,119.264308,,,,,69.79332,131.558042,,,,,530.46332,592.228042,,,
54.725108,63.435199,,,,,60.061129,119.230969,,,,,69.790865,131.559478,,,,,530.460865,592.229478,,,
54.680339,63.435322,,,,,60.058618,119.268741,,,,,69.78847,131.560396,,,,,530.45847,592.230396,,,
54.64474,63.435451,,,,,60.054472,119.209892,,,,,69.785184,131.561607,,,,,530.455184,592.231607,,,
54.67165,63.435503,,,,,60.051744,119.203516,,,,,69.782156,131.56235,,,,,530.452156,592.23235,,,
54.679398,63.435304,,,,,60.049968,119.2213,,,,,69.778744,131.563202,,,,,530.448744,592.233202,,,
54.695554,63.435146,,,,,60.045086,119.303848,,,,,69.775994,131.563773,,,,,530.445994,592.233773,,,
54.7118,63.435424,,,,,60.039901,119.322073,,,,,69.773148,131.564084,,,,,530.443148,592.234084,,,
54.720203,63.43555,,,,,60.036294,119.284009,,,,,69.770878,131.564238,,,,,530.440878,592.234238,,,
54.795488,63.435225,,,,,60.03302,119.257679,,,,,69.768032,131.564466,,,,,530.438032,592.234466,,,
54.720434,63.427115,,,,,60.027804,119.24403,,,,,69.764974,131.564744,,,,,530.434974,592.234744,,,
54.753148,63.406498,,,,,60.026861,119.169339,,,,,69.762563,131.564956,,,,,530.432563,592.234956,,,
54.675015,63.394312,,,,,60.021953,119.200031,,,,,69.759772,131.564766,,,,,530.429772,592.234766,,,
54.72675,63.394205,,,,,60.018208,119.184104,,,,,69.757053,131.564254,,,,,530.427053,592.234254,,,
54.734733,63.386126,,,,,60.009046,119.119914,,,,,69.75358,131.563748,,,,,530.42358,592.233748,,,
54.729926,63.37397,,,,,60.002581,119.100253,,,,,69.750811,131.563341,,,,,530.420811,592.233341,,,
54.759409,63.369857,,,,,60.001717,119.167464,,,,,69.747995,131.563191,,,,,530.417995,592.233191,,,
54.709901,63.369881,,,,,59.999706,119.10314,,,,,69.745895,131.563113,,,,,530.415895,592.233113,,,
54.652362,63.369897,,,,,59.992128,119.1547,,,,,69.743347,131.563252,,,,,530.413347,592.233252,,,
54.717413,63.361331,,,,,59.985567,119.189892,,,,,69.741205,131.563583,,,,,530.411205,592.233583,,,
54.660464,63.361095,,,,,59.980859,119.22069,,,,,69.738494,131.564585,,,,,530.408494,592.234585,,,
54.652289,63.360822,,,,,59.980675,119.240526,,,,,69.736301,131.565368,,,,,530.406301,592.235368,,,
54.668991,63.360769,,,,,59.977042,119.194557,,,,,69.734226,131.566041,,,,,530.404226,592.236041,,,
54.732084,63.360738,,,,,59.971626,119.172851,,,,,69.732272,131.566414,,,,,530.402272,592.236414,,,
54.722734,63.360971,,,,,59.973044,119.147919,,,,,69.730389,131.56694,,,,,530.400389,592.23694,,,
54.739439,63.361126,,,,,59.97587,119.163509,,,,,69.729239,131.567077,,,,,530.399239,592.237077,,,
54.802942,63.361063,,,,,59.981425,119.146171,,,,,69.728721,131.56642,,,,,530.398721,592.23642,,,
54.740538,63.361005,,,,,59.9869,119.167066,,,,,69.728427,131.564917,,,,,530.398427,592.234917,,,
54.772819,63.365202,,,,,59.990591,119.152801,,,,,69.728361,131.562242,,,,,530.398361,592.232242,,,
54.655378,63.385827,,,,,59.99122,119.170106,,,,,69.728427,131.559522,,,,,530.398427,592.229522,,,
54.581877,63.40223,,,,,59.993181,119.084364,,,,,69.728828,131.556104,,,,,530.398828,592.226104,,,
54.485371,63.402249,,,,,59.99922,119.087061,,,,,69.729764,131.553093,,,,,530.399764,592.223093,,,
54.440671,63.410652,,,,,60.005739,119.085953,,,,,69.731383,131.548934,,,,,530.401383,592.218934,,,
54.364191,63.41866,,,,,60.010474,119.071594,,,,,69.733133,131.545249,,,,,530.403133,592.215249,,,
54.263722,63.427173,,,,,60.015496,119.041189,,,,,69.735566,131.540339,,,,,530.405566,592.210339,,,
54.217262,63.427189,,,,,60.022037,119.056191,,,,,69.737716,131.535855,,,,,530.407716,592.205855,,,
54.290084,63.427139,,,,,60.032828,119.036416,,,,,69.740732,131.529798,,,,,530.410732,592.199798,,,
54.189838,63.435314,,,,,60.043532,118.995625,,,,,69.743256,131.52419,,,,,530.413256,592.19419,,,
54.163673,63.435419,,,,,60.051879,118.986665,,,,,69.746839,131.516769,,,,,530.416839,592.186769,,,
54.156316,63.435367,,,,,60.05901,118.976381,,,,,69.750582,131.510164,,,,,530.420582,592.180164,,,
54.095902,63.435506,,,,,60.067846,119.016452,,,,,69.755743,131.502181,,,,,530.425743,592.172181,,,
53.932746,63.435514,,,,,60.078748,119.019697,,,,,69.760248,131.49517,,,,,530.430248,592.16517,,,
53.9388,63.435823,,,,,60.08252,119.030821,,,,,69.765516,131.486308,,,,,530.435516,592.156308,,,
53.760114,63.435608,,,,,60.086594,119.004961,,,,,69.769667,131.478792,,,,,530.439667,592.148792,,,
53.687119,63.435146,,,,,60.088899,119.04397,,,,,69.774541,131.470058,,,,,530.444541,592.140058,,,
53.728803,63.435299,,,,,60.092484,119.021345,,,,,69.778865,131.463584,,,,,530.448865,592.133584,,,
53.649354,63.435173,,,,,60.099271,119.067817,,,,,69.784369,131.456436,,,,,530.454369,592.126436,,,
53.664755,63.435021,,,,,60.106985,119.077658,,,,,69.788828,131.451064,,,,,530.458828,592.121064,,,
53.783806,63.434771,,,,,60.113425,119.131444,,,,,69.794335,131.444601,,,,,530.464335,592.114601,,,
53.826618,63.434622,,,,,60.11762,119.109568,,,,,69.79889,131.439613,,,,,530.46889,592.109613,,,
53.826827,63.434606,,,,,60.124789,119.077985,,,,,69.803756,131.434047,,,,,530.473756,592.104047,,,
53.846296,63.434507,,,,,60.128528,119.122232,,,,,69.807601,131.429702,,,,,530.477601,592.099702,,,
53.913477,63.434011,,,,,60.132261,119.040201,,,,,69.812313,131.424784,,,,,530.482313,592.094784,,,
53.959845,63.433882,,,,,60.134365,119.002526,,,,,69.81618,131.420865,,,,,530.48618,592.090865,,,
53.944979,63.434034,,,,,60.13739,119.008686,,,,,69.820303,131.416601,,,,,530.490303,592.086601,,,
53.939668,63.434425,,,,,60.137224,119.017115,,,,,69.823771,131.413286,,,,,530.493771,592.083286,,,
54.076911,63.434588,,,,,60.141986,118.99172,,,,,69.828081,131.409678,,,,,530.498081,592.079678,,,
54.099341,63.434806,,,,,60.142524,119.042227,,,,,69.831643,131.407126,,,,,530.501643,592.077126,,,
54.155521,63.434868,,,,,60.142762,119.021937,,,,,69.835281,131.404849,,,,,530.505281,592.074849,,,
54.233599,63.435015,,,,,60.143634,119.015989,,,,,69.838537,131.403752,,,,,530.508537,592.073752,,,
54.341472,63.434651,,,,,60.148599,118.943988,,,,,69.842966,131.40324,,,,,530.512966,592.07324,,,
54.496773,63.434548,,,,,60.150697,118.946457,,,,,69.846808,131.402956,,,,,530.516808,592.072956,,,
54.627645,63.434958,,,,,60.155544,118.969229,,,,,69.85136,131.402339,,,,,530.52136,592.072339,,,
54.637792,63.434871,,,,,60.160327,119.002767,,,,,69.854652,131.401289,,,,,530.524652,592.071289,,,
54.661996,63.434913,,,,,60.161785,119.007772,,,,,69.857575,131.39977,,,,,530.527575,592.06977,,,
54.591524,63.43501,,,,,60.160214,118.9791,,,,,69.860068,131.398275,,,,,530.530068,592.068275,,,
54.485348,63.435157,,,,,60.160416,118.910061,,,,,69.863283,131.39705,,,,,530.533283,592.06705,,,
54.489203,63.435317,,,,,60.161021,118.940804,,,,,69.866148,131.396371,,,,,530.536148,592.066371,,,
54.521681,63.43548,,,,,60.162196,118.962726,,,,,69.870486,131.395784,,,,,530.540486,592.065784,,,
54.484755,63.435419,,,,,60.164935,118.975729,,,,,69.874502,131.395297,,,,,530.544502,592.065297,,,
54.377546,63.435834,,,,,60.168277,119.039752,,,,,69.878674,131.394556,,,,,530.548674,592.064556,,,
54.34484,63.435849,,,,,60.170436,119.046881,,,,,69.881955,131.39381,,,,,530.551955,592.06381,,,
54.361518,63.435642,,,,,60.172284,119.049916,,,,,69.884842,131.393401,,,,,530.554842,592.063401,,,
54.365969,63.435367,,,,,60.17298,119.034607,,,,,69.888635,131.393301,,,,,530.558635,592.063301,,,
54.30351,63.435225,,,,,60.172841,119.008769,,,,,69.891816,131.393268,,,,,530.561816,592.063268,,,
54.264225,63.435073,,,,,60.17598,119.008359,,,,,69.895213,131.392789,,,,,530.565213,592.062789,,,
54.328867,63.434889,,,,,60.178214,119.020285,,,,,69.897913,131.392146,,,,,530.567913,592.062146,,,
54.357513,63.434819,,,,,60.180394,118.973434,,,,,69.900695,131.391077,,,,,530.570695,592.061077,,,
54.301621,63.434853,,,,,60.181075,119.007646,,,,,69.902809,131.389905,,,,,530.572809,592.059905,,,
54.262709,63.434958,,,,,60.184737,119.062226,,,,,69.904951,131.388831,,,,,530.574951,592.058831,,,
54.269088,63.435076,,,,,60.187064,119.026861,,,,,69.906591,131.388441,,,,,530.576591,592.058441,,,
54.194016,63.435128,,,,,60.188439,118.989756,,,,,69.908465,131.38853,,,,,530.578465,592.05853,,,
54.186019,63.435026,,,,,60.192753,119.029005,,,,,69.910213,131.388731,,,,,530.580213,592.058731,,,
54.241082,63.434889,,,,,60.195394,119.061429,,,,,69.912002,131.388703,,,,,530.582002,592.058703,,,
54.257786,63.435049,,,,,60.199538,119.109632,,,,,69.912429,131.388477,,,,,530.582429,592.058477,,,
54.302308,63.434924,,,,,60.202028,119.135791,,,,,69.912998,131.387626,,,,,530.582998,592.057626,,,
54.282522,63.434722,,,,,60.204987,119.102769,,,,,69.913092,131.386677,,,,,530.583092,592.056677,,,
54.404797,63.434664,,,,,60.206304,119.047066,,,,,69.913268,131.385853,,,,,530.583268,592.055853,,,
54.446339,63.434423,,,,,60.20985,119.070083,,,,,69.913711,131.385382,,,,,530.583711,592.055382,,,
54.50895,63.434347,,,,,60.211012,119.048789,,,,,69.914939,131.38492,,,,,530.584939,592.05492,,,
54.433758,63.434391,,,,,60.211803,119.035079,,,,,69.916527,131.384506,,,,,530.586527,592.054506,,,
54.455542,63.434375,,,,,60.214665,119.008497,,,,,69.918002,131.383821,,,,,530.588002,592.053821,,,
54.508641,63.434483,,,,,60.219325,119.08574,,,,,69.919133,131.383,,,,,530.589133,592.053,,,
54.475292,63.43448,,,,,60.220243,119.113863,,,,,69.920421,131.381939,,,,,530.590421,592.051939,,,
54.447685,63.434444,,,,,60.222025,119.128804,,,,,69.921217,131.381416,,,,,530.591217,592.051416,,,
54.472994,63.434517,,,,,60.225942,119.183004,,,,,69.922577,131.380781,,,,,530.592577,592.050781,,,
54.392433,63.434543,,,,,60.22997,119.167965,,,,,69.923526,131.380189,,,,,530.593526,592.050189,,,
54.540558,63.434446,,,,,60.232729,119.12853,,,,,69.924572,131.379137,,,,,530.594572,592.049137,,,
54.524595,63.434333,,,,,60.23553,119.207764,,,,,69.925527,131.378065,,,,,530.595527,592.048065,,,
54.458459,63.434307,,,,,60.233811,119.217479,,,,,69.926623,131.376562,,,,,530.596623,592.046562,,,
54.470574,63.43427,,,,,60.236662,119.200086,,,,,69.927974,131.375599,,,,,530.597974,592.045599,,,
54.405583,63.434242,,,,,60.237811,119.198845,,,,,69.930187,131.375014,,,,,530.600187,592.045014,,,
54.428989,63.434066,,,,,60.23889,119.227103,,,,,69.932336,131.374736,,,,,530.602336,592.044736,,,
54.409554,63.43405,,,,,60.241375,119.196599,,,,,69.934533,131.374948,,,,,530.604533,592.044948,,,
54.321704,63.43389,,,,,60.239643,119.165042,,,,,69.936435,131.375095,,,,,530.606435,592.045095,,,
54.216745,63.433888,,,,,60.240869,119.179522,,,,,69.938579,131.374575,,,,,530.608579,592.044575,,,
54.143435,63.433798,,,,,60.23859,119.164049,,,,,69.940313,131.373751,,,,,530.610313,592.043751,,,
54.028798,63.434134,,,,,60.238109,119.171042,,,,,69.94176,131.372877,,,,,530.61176,592.042877,,,
54.051611,63.433822,,,,,60.239506,119.130158,,,,,69.942801,131.372495,,,,,530.612801,592.042495,,,
54.068767,63.433785,,,,,60.241101,119.174544,,,,,69.944064,131.372111,,,,,530.614064,592.042111,,,
53.999853,63.433819,,,,,60.24102,119.175515,,,,,69.944686,131.372212,,,,,530.614686,592.042212,,,
53.98516,63.433756,,,,,60.243873,119.137776,,,,,69.945523,131.372863,,,,,530.615523,592.042863,,,
53.963097,63.433953,,,,,60.24629,119.075696,,,,,69.946514,131.373055,,,,,530.616514,592.043055,,,
53.848584,63.434163,,,,,60.247094,119.061343,,,,,69.947342,131.372732,,,,,530.617342,592.042732,,,
53.913238,63.433982,,,,,60.245766,119.051068,,,,,69.948182,131.372401,,,,,530.618182,592.042401,,,
53.936208,63.433992,,,,,60.247151,119.103605,,,,,69.949442,131.372356,,,,,530.619442,592.042356,,,
53.88834,63.433864,,,,,60.246327,119.063352,,,,,69.950609,131.372387,,,,,530.620609,592.042387,,,
54.060516,63.434003,,,,,60.252035,119.09359,,,,,69.952186,131.372387,,,,,530.622186,592.042387,,,
54.163098,63.434299,,,,,60.252363,119.073493,,,,,69.953331,131.372248,,,,,530.623331,592.042248,,,
54.268296,63.434412,,,,,60.254638,119.08076,,,,,69.953532,131.372095,,,,,530.623532,592.042095,,,
54.40769,63.434543,,,,,60.256345,119.048057,,,,,69.953774,131.371775,,,,,530.623774,592.041775,,,
54.370388,63.438706,,,,,60.257254,119.057612,,,,,69.954512,131.371132,,,,,530.624512,592.041132,,,
54.474256,63.463082,,,,,60.263107,119.092413,,,,,69.954834,131.370547,,,,,530.624834,592.040547,,,
54.567001,63.467228,,,,,60.266717,119.118526,,,,,69.954947,131.370352,,,,,530.624947,592.040352,,,
54.555376,63.467286,,,,,60.271021,119.14901,,,,,69.95531,131.37033,,,,,530.62531,592.04033,,,
54.59603,63.467286,,,,,60.274147,119.178435,,,,,69.956221,131.370405,,,,,530.626221,592.040405,,,
54.645207,63.467777,,,,,60.276424,119.25732,,,,,69.957201,131.370255,,,,,530.627201,592.040255,,,
54.664579,63.467842,,,,,60.280717,119.298827,,,,,69.957633,131.370024,,,,,530.627633,592.040024,,,
54.774186,63.467674,,,,,60.282879,119.261048,,,,,69.958404,131.369384,,,,,530.628404,592.039384,,,
54.816072,63.475897,,,,,60.284745,119.267465,,,,,69.959205,131.368337,,,,,530.629205,592.038337,,,
54.836317,63.475962,,,,,60.288644,119.272118,,,,,69.959857,131.366634,,,,,530.629857,592.036634,,,
54.891167,63.475705,,,,,60.291946,119.261969,,,,,69.960474,131.365131,,,,,530.630474,592.035131,,,
54.851479,63.476088,,,,,60.297571,119.300796,,,,,69.961244,131.362932,,,,,530.631244,592.032932,,,
54.838237,63.476424,,,,,60.30061,119.219654,,,,,69.961905,131.360758,,,,,530.631905,592.030758,,,
54.76867,63.480775,,,,,60.303141,119.202373,,,,,69.96278,131.358306,,,,,530.63278,592.028306,,,
54.789991,63.501099,,,,,60.302547,119.165248,,,,,69.963452,131.356241,,,,,530.633452,592.026241,,,
54.752805,63.517471,,,,,60.30249,119.130696,,,,,69.964525,131.353708,,,,,530.634525,592.023708,,,
54.789542,63.51761,,,,,60.305154,119.101928,,,,,69.966295,131.351504,,,,,530.636295,592.021504,,,
54.791147,63.529643,,,,,60.306932,119.067292,,,,,69.969053,131.349049,,,,,530.639053,592.019049,,,
54.816995,63.541857,,,,,60.311696,119.090081,,,,,69.97123,131.34695,,,,,530.64123,592.01695,,,
54.838281,63.542025,,,,,60.313737,119.088839,,,,,69.974015,131.343994,,,,,530.644015,592.013994,,,
54.809061,63.550203,,,,,60.314781,119.08071,,,,,69.976564,131.341648,,,,,530.646564,592.011648,,,
54.839462,63.550631,,,,,60.313758,119.010989,,,,,69.979272,131.338987,,,,,530.649272,592.008987,,,
54.845746,63.550523,,,,,60.315401,118.974019,,,,,69.981205,131.33708,,,,,530.651205,592.00708,,,
54.763789,63.558596,,,,,60.318474,118.892852,,,,,69.983362,131.334904,,,,,530.653362,592.004904,,,
54.776124,63.558572,,,,,60.318192,118.84888,,,,,69.985501,131.333134,,,,,530.655501,592.003134,,,
54.657799,63.558885,,,,,60.31652,118.837051,,,,,69.987912,131.331572,,,,,530.657912,592.001572,,,
54.690912,63.550722,,,,,60.316308,118.867683,,,,,69.989517,131.330473,,,,,530.659517,592.000473,,,
54.703979,63.550917,,,,,60.315288,118.942871,,,,,69.991086,131.330272,,,,,530.661086,592.000272,,,
54.671343,63.550809,,,,,60.312172,118.939224,,,,,69.992123,131.33074,,,,,530.662123,592.00074,,,
54.747997,63.558898,,,,,60.308575,118.907111,,,,,69.993031,131.332031,,,,,530.663031,592.002031,,,
54.763731,63.55868,,,,,60.30607,118.951728,,,,,69.993612,131.33384,,,,,530.663612,592.00384,,,
54.703103,63.566506,,,,,60.303768,118.930077,,,,,69.993799,131.335861,,,,,530.663799,592.005861,,,
54.739255,63.546151,,,,,60.300061,118.904489,,,,,69.99353,131.33779,,,,,530.66353,592.00779,,,
54.633643,63.525856,,,,,60.298805,118.923996,,,,,69.993092,131.340512,,,,,530.663092,592.010512,,,
54.533014,63.525732,,,,,60.298337,118.864951,,,,,69.99228,131.343298,,,,,530.66228,592.013298,,,
54.386789,63.517806,,,,,60.294511,118.884417,,,,,69.990629,131.346894,,,,,530.660629,592.016894,,,
54.395643,63.505752,,,,,60.288173,118.852345,,,,,69.988939,131.350368,,,,,530.658939,592.020368,,,
54.381559,63.481423,,,,,60.280844,118.814525,,,,,69.986585,131.355347,,,,,530.656585,592.025347,,,
54.345841,63.460892,,,,,60.277671,118.859953,,,,,69.984551,131.359881,,,,,530.654551,592.029881,,,
54.451619,63.460666,,,,,60.273722,118.846282,,,,,69.981865,131.365643,,,,,530.651865,592.035643,,,
54.481833,63.460428,,,,,60.269119,118.849116,,,,,69.978824,131.370439,,,,,530.648824,592.040439,,,
54.493733,63.45626,,,,,60.263891,118.924652,,,,,69.974571,131.376125,,,,,530.644571,592.046125,,,
54.589929,63.452195,,,,,60.257915,118.949814,,,,,69.970635,131.381029,,,,,530.640635,592.051029,,,
54.570557,63.452006,,,,,60.252839,118.949732,,,,,69.966507,131.386897,,,,,530.636507,592.056897,,,
54.505278,63.452043,,,,,60.246583,118.947274,,,,,69.963405,131.392101,,,,,530.633405,592.062101,,,
54.461737,63.452242,,,,,60.239032,118.875929,,,,,69.960152,131.398734,,,,,530.630152,592.068734,,,
54.477569,63.45252,,,,,60.234755,118.844578,,,,,69.957496,131.404471,,,,,530.627496,592.074471,,,
54.488437,63.444253,,,,,60.232088,118.862284,,,,,69.954507,131.411101,,,,,530.624507,592.081101,,,
54.478796,63.444261,,,,,60.228995,118.858209,,,,,69.951424,131.41581,,,,,530.621424,592.08581,,,
54.587238,63.440326,,,,,60.22663,118.950451,,,,,69.947626,131.421421,,,,,530.617626,592.091421,,,
54.647998,63.436458,,,,,60.222569,118.999944,,,,,69.944334,131.425852,,,,,530.614334,592.095852,,,
54.696986,63.436363,,,,,60.219415,118.986637,,,,,69.940233,131.430829,,,,,530.610233,592.100829,,,
54.73295,63.436253,,,,,60.2139,119.046415,,,,,69.936088,131.435071,,,,,530.606088,592.105071,,,
54.753418,63.436036,,,,,60.212137,119.08207,,,,,69.932777,131.438687,,,,,530.602777,592.108687,,,
54.635293,63.435928,,,,,60.212342,119.068928,,,,,69.929625,131.442402,,,,,530.599625,592.112402,,,
54.591167,63.435865,,,,,60.213604,119.06464,,,,,69.925266,131.44616,,,,,530.595266,592.11616,,,
54.520016,63.436196,,,,,60.20946,119.161338,,,,,69.920444,131.449801,,,,,530.590444,592.119801,,,
54.389131,63.436434,,,,,60.210134,119.206645,,,,,69.916574,131.452996,,,,,530.586574,592.122996,,,
54.37806,63.43672,,,,,60.210314,119.187343,,,,,69.91332,131.45608,,,,,530.58332,592.12608,,,
54.453916,63.436988,,,,,60.212356,119.215245,,,,,69.910249,131.459609,,,,,530.580249,592.129609,,,
54.348291,63.43693,,,,,60.21222,119.197416,,,,,69.907596,131.462949,,,,,530.577596,592.132949,,,
54.371875,63.437095,,,,,60.213203,119.208392,,,,,69.90497,131.465621,,,,,530.57497,592.135621,,,
54.367438,63.437082,,,,,60.214082,119.176679,,,,,69.901106,131.468569,,,,,530.571106,592.138569,,,
54.376922,63.43704,,,,,60.214111,119.199403,,,,,69.897335,131.47062,,,,,530.567335,592.14062,,,
54.344887,63.43671,,,,,60.216566,119.224973,,,,,69.893603,131.472396,,,,,530.563603,592.142396,,,
54.29064,63.43677,,,,,60.212365,119.210018,,,,,69.890655,131.473788,,,,,530.560655,592.143788,,,
54.271412,63.436836,,,,,60.214092,119.263844,,,,,69.887482,131.475733,,,,,530.557482,592.145733,,,
54.249574,63.436904,,,,,60.2088,119.213522,,,,,69.885307,131.477701,,,,,530.555307,592.147701,,,
54.114275,63.436804,,,,,60.212222,119.164045,,,,,69.883309,131.480507,,,,,530.553309,592.150507,,,
54.093849,63.437043,,,,,60.212511,119.173878,,,,,69.881641,131.482912,,,,,530.551641,592.152912,,,
54.101284,63.437114,,,,,60.212959,119.169579,,,,,69.87928,131.485776,,,,,530.54928,592.155776,,,
54.091352,63.437224,,,,,60.212308,119.182879,,,,,69.877265,131.487877,,,,,530.547265,592.157877,,,
54.14845,63.43714,,,,,60.209811,119.202996,,,,,69.874573,131.489854,,,,,530.544573,592.159854,,,
54.124541,63.437158,,,,,60.208752,119.270476,,,,,69.872652,131.491593,,,,,530.542652,592.161593,,,
54.241389,63.436909,,,,,60.209318,119.219274,,,,,69.870871,131.493773,,,,,530.540871,592.163773,,,
54.394841,63.436668,,,,,60.204612,119.20261,,,,,69.869404,131.495175,,,,,530.539404,592.165175,,,
54.340423,63.436537,,,,,60.202526,119.198583,,,,,69.867478,131.496606,,,,,530.537478,592.166606,,,
54.348278,63.436479,,,,,60.199751,119.130737,,,,,69.865804,131.4979,,,,,530.535804,592.1679,,,
54.432255,63.436348,,,,,60.195511,119.113384,,,,,69.863872,131.499253,,,,,530.533872,592.169253,,,
54.435473,63.436091,,,,,60.19184,119.067977,,,,,69.862237,131.500069,,,,,530.532237,592.170069,,,
54.419285,63.43619,,,,,60.189818,119.151509,,,,,69.860074,131.500497,,,,,530.530074,592.170497,,,
54.42713,63.436057,,,,,60.191761,119.182611,,,,,69.858582,131.500725,,,,,530.528582,592.170725,,,
54.451729,63.436161,,,,,60.186883,119.273133,,,,,69.856416,131.500778,,,,,530.526416,592.170778,,,
54.496558,63.43608,,,,,60.188417,119.335824,,,,,69.854547,131.50077,,,,,530.524547,592.17077,,,
54.537494,63.43596,,,,,60.183159,119.322272,,,,,69.852494,131.501026,,,,,530.522494,592.171026,,,
54.469472,63.435676,,,,,60.184557,119.308842,,,,,69.850733,131.501299,,,,,530.520733,592.171299,,,
54.492241,63.435584,,,,,60.180368,119.328703,,,,,69.848875,131.501666,,,,,530.518875,592.171666,,,
54.471882,63.435577,,,,,60.177791,119.312365,,,,,69.847022,131.501939,,,,,530.517022,592.171939,,,
54.506,63.43533,,,,,60.175782,119.364354,,,,,69.845459,131.502323,,,,,530.515459,592.172323,,,
54.544513,63.435354,,,,,60.176334,119.363345,,,,,69.844565,131.502652,,,,,530.514565,592.172652,,,
54.527882,63.435299,,,,,60.172618,119.38144,,,,,69.843307,131.502635,,,,,530.513307,592.172635,,,
54.592436,63.43511,,,,,60.1697,119.317626,,,,,69.842707,131.502874,,,,,530.512707,592.172874,,,
54.639064,63.435052,,,,,60.166528,119.373105,,,,,69.842057,131.502796,,,,,530.512057,592.172796,,,
54.644405,63.434942,,,,,60.170267,119.41155,,,,,69.841355,131.502298,,,,,530.511355,592.172298,,,
54.705589,63.434842,,,,,60.168582,119.46062,,,,,69.840769,131.501588,,,,,530.510769,592.171588,,,
54.710651,63.4349,,,,,60.168843,119.489477,,,,,69.840285,131.500737,,,,,530.510285,592.170737,,,
54.605073,63.435152,,,,,60.167097,119.514355,,,,,69.839206,131.499712,,,,,530.509206,592.169712,,,
54.664005,63.435081,,,,,60.168742,119.556462,,,,,69.838102,131.498788,,,,,530.508102,592.168788,,,
54.81838,63.435036,,,,,60.167535,119.53633,,,,,69.837414,131.497708,,,,,530.507414,592.167708,,,
54.916262,63.434921,,,,,60.162873,119.49775,,,,,69.837139,131.496804,,,,,530.507139,592.166804,,,
54.94217,63.434701,,,,,60.161243,119.443327,,,,,69.8371,131.495468,,,,,530.5071,592.165468,,,
54.84819,63.434701,,,,,60.155901,119.421674,,,,,69.83641,131.494221,,,,,530.50641,592.164221,,,
54.877337,63.434769,,,,,60.152304,119.391642,,,,,69.835584,131.49235,,,,,530.505584,592.16235,,,
54.92678,63.434895,,,,,60.148706,119.384469,,,,,69.834832,131.490469,,,,,530.504832,592.160469,,,
54.895007,63.434916,,,,,60.145664,119.401638,,,,,69.833566,131.487869,,,,,530.503566,592.157869,,,
54.870547,63.434795,,,,,60.143565,119.414022,,,,,69.832653,131.485314,,,,,530.502653,592.155314,,,
54.788537,63.434926,,,,,60.141271,119.411471,,,,,69.83232,131.483365,,,,,530.50232,592.153365,,,
54.702326,63.434868,,,,,60.134888,119.410918,,,,,69.831453,131.480969,,,,,530.501453,592.150969,,,
